{"GetQAPTInitialView":{"MyActionItems":{"myact_info":{"tab_name":"My Action Items","tab_count":19,"tab_visibility":1,"tab_id":"TAB-MY",
"rows":[
	{"contract_type":"SOW","contract_desc":"SOW","eng_id":"4282","parent_id":"4282","customer_name":"Arrium Limited","crm_cust_id":"0001117189","eng_name":"Arrium S4HANA SFin HEC Projects","eng_status":"Booked","crm_oppr_id":"0301982326","territory":"ANZ","overall_status":"GREEN","update_by_date":"08.06.2017","open_date":"27.08.2016","update_date":"11:03 Jun 08, 2017","updated_by_name":"Lalu George","updated_by_code":"C5150792","pqa_pf_id":"50","pqa_pf_name":"Landscape Creation","num_cr":1,"next_cr":"Create CR-002","IsRowVisible":1,"IsExpandable":1,"ShowCreateCR":1,"CRMOppDesc":null,"membership":"MY-TAB","dq_state":0,"cdd_state":null,"cdd_validation_state":null,"ho_state":null,"b1_emp_id":730,"ActionDesc":"Initiate S2D HO","pricing_model":"HECPRD15","operation_mode":"1","ded_et_status":"Handover","eng_roles":"'14','6'","territory_id":"21"},
	{"contract_type":"SOW","contract_desc":"SOW","eng_id":"5377","parent_id":"5377","customer_name":"McLaren Group Limited","crm_cust_id":"0003518511","eng_name":"HEC - McLaren Group Limited - Production","eng_status":"In Process","crm_oppr_id":"0301619846","territory":"EMEA","overall_status":"GREEN","update_by_date":"28.11.2017","open_date":"26.10.2017","update_date":"03:52 Nov 28, 2017","updated_by_name":"Sudipta Bhattacharya","updated_by_code":"C5208346","pqa_pf_id":"13","pqa_pf_name":"Deal Qualification","num_cr":1,"next_cr":"Create CR-001","IsRowVisible":1,"IsExpandable":1,"ShowCreateCR":1,"CRMOppDesc":"CCN16 - ERP-on-HANA Migration","membership":"MY-TAB","dq_state":5,"cdd_state":null,"cdd_validation_state":null,"ho_state":null,"b1_emp_id":730,"ActionDesc":"Request Deal Qualification","pricing_model":"HECPRD17","operation_mode":"1","ded_et_status":"Not Available","eng_roles":"'64','65','17'","territory_id":"16"},
	{"contract_type":"SOW","contract_desc":"SOW","eng_id":"5402","parent_id":"5402","customer_name":"MCD Training Corp","crm_cust_id":"848301020304","eng_name":"HEC int - MCD Training Corp - Production","eng_status":"In Process","crm_oppr_id":"9998887776","territory":"UKI","overall_status":"GREEN","update_by_date":null,"open_date":"09.11.2017","update_date":null,"updated_by_name":null,"updated_by_code":null,"pqa_pf_id":"15","pqa_pf_name":"Assessment","num_cr":1,"next_cr":"Create CR-001","IsRowVisible":1,"IsExpandable":1,"ShowCreateCR":1,"CRMOppDesc":null,"membership":"MY-TAB","dq_state":3,"cdd_state":null,"cdd_validation_state":null,"ho_state":null,"b1_emp_id":730,"ActionDesc":"Build & Finalise Landscape","pricing_model":"HECPRD17","operation_mode":"1","ded_et_status":"Not Available","eng_roles":"'14'","territory_id":"29"},
	{"contract_type":"SOW","contract_desc":"SOW","eng_id":"5477","parent_id":"5477","customer_name":"McLaren Group Limited","crm_cust_id":"0003518511","eng_name":"HEC - McLaren Group Limited - Production","eng_status":"In Process","crm_oppr_id":"0301619846","territory":"MEE","overall_status":"GREEN","update_by_date":"20.12.2017","open_date":"07.12.2017","update_date":"08:52 Dec 20, 2017","updated_by_name":"Namitha N Telkar","updated_by_code":"C5212278","pqa_pf_id":"15","pqa_pf_name":"Assessment","num_cr":1,"next_cr":"Create CR-001","IsRowVisible":1,"IsExpandable":1,"ShowCreateCR":1,"CRMOppDesc":"CCN16 - ERP-on-HANA Migration","membership":"MY-TAB","dq_state":3,"cdd_state":null,"cdd_validation_state":null,"ho_state":null,"b1_emp_id":730,"ActionDesc":"Build & Finalise Landscape","pricing_model":"HECPRD17","operation_mode":"1","ded_et_status":"Not Available","eng_roles":"'14'","territory_id":"30"},
	{"contract_type":"SOW","contract_desc":"SOW","eng_id":"5049","parent_id":"5049","customer_name":"McLaren Group Limited","crm_cust_id":"0003518511","eng_name":"HEC - McLaren Group Limited - Production","eng_status":"Booked","crm_oppr_id":"0301619846","territory":"Global","overall_status":"GREEN","update_by_date":"27.02.2018","open_date":"22.06.2017","update_date":"10:07 Feb 27, 2018","updated_by_name":"Annie Peter","updated_by_code":"C5235192","pqa_pf_id":"15","pqa_pf_name":"Assessment","num_cr":1,"next_cr":"Create CR-001","IsRowVisible":1,"IsExpandable":1,"ShowCreateCR":1,"CRMOppDesc":"CCN16 - ERP-on-HANA Migration","membership":"MY-TAB","dq_state":3,"cdd_state":null,"cdd_validation_state":null,"ho_state":null,"b1_emp_id":730,"ActionDesc":"Build & Finalise Landscape","pricing_model":"HECPRD16","operation_mode":"1","ded_et_status":"Not Available","eng_roles":"'17','14'","territory_id":"15"},
	{"contract_type":"SOW","contract_desc":"SOW","eng_id":"5540","parent_id":"5540","customer_name":"McLaren Group Limited","crm_cust_id":"0003518511","eng_name":"HEC - McLaren Group Limited - Production","eng_status":"In Process","crm_oppr_id":"0301619846","territory":"EMEA","overall_status":"GREEN","update_by_date":"24.01.2018","open_date":"10.01.2018","update_date":"12:12 Jan 24, 2018","updated_by_name":"Namitha N Telkar","updated_by_code":"C5212278","pqa_pf_id":"15","pqa_pf_name":"Assessment","num_cr":1,"next_cr":"Create CR-001","IsRowVisible":1,"IsExpandable":1,"ShowCreateCR":1,"CRMOppDesc":"CCN16 - ERP-on-HANA Migration","membership":"MY-TAB","dq_state":3,"cdd_state":null,"cdd_validation_state":null,"ho_state":null,"b1_emp_id":730,"ActionDesc":"Build & Finalise Landscape","pricing_model":"HECPRD16","operation_mode":"1","ded_et_status":"Not Available","eng_roles":"'17','14'","territory_id":"16"},
	{"contract_type":"SOW","contract_desc":"SOW","eng_id":"5645","parent_id":"5645","customer_name":"McLaren Group Limited","crm_cust_id":"0003518511","eng_name":"HEC - McLaren Group Limited - Production","eng_status":"In Process","crm_oppr_id":"0301619846","territory":"EMEA","overall_status":"GREEN","update_by_date":"07.03.2018","open_date":"13.02.2018","update_date":"12:52 Mar 07, 2018","updated_by_name":"Namitha N Telkar","updated_by_code":"C5212278","pqa_pf_id":"35","pqa_pf_name":"CDD Request","num_cr":1,"next_cr":"Create CR-001","IsRowVisible":1,"IsExpandable":1,"ShowCreateCR":1,"CRMOppDesc":"CCN16 - ERP-on-HANA Migration","membership":"MY-TAB","dq_state":3,"cdd_state":12,"cdd_validation_state":null,"ho_state":null,"b1_emp_id":730,"ActionDesc":"Initiate New CDD","pricing_model":"HECPRD17","operation_mode":"1","ded_et_status":"Not Available","eng_roles":"'17','65'","territory_id":"16"},
	{"contract_type":"SOW","contract_desc":"SOW","eng_id":"5631","parent_id":"5631","customer_name":"McLaren Group Limited","crm_cust_id":"0003518511","eng_name":"HEC - McLaren Group Limited - Production","eng_status":"In Process","crm_oppr_id":"0301619846","territory":"Global","overall_status":"GREEN","update_by_date":"03.05.2018","open_date":"12.02.2018","update_date":"07:58 May 03, 2018","updated_by_name":"Namitha N Telkar","updated_by_code":"C5212278","pqa_pf_id":"35","pqa_pf_name":"CDD Request","num_cr":1,"next_cr":"Create CR-001","IsRowVisible":1,"IsExpandable":1,"ShowCreateCR":1,"CRMOppDesc":"CCN16 - ERP-on-HANA Migration","membership":"MY-TAB","dq_state":3,"cdd_state":12,"cdd_validation_state":null,"ho_state":null,"b1_emp_id":730,"ActionDesc":"Initiate New CDD","pricing_model":"HECPRD17","operation_mode":"1","ded_et_status":"Not Available","eng_roles":"'17','14'","territory_id":"15"},{"contract_type":"SOW","contract_desc":"SOW","eng_id":"5461","parent_id":"5461","customer_name":"McLaren Group Limited","crm_cust_id":"0003518511","eng_name":"HEC - McLaren Group Limited - Production","eng_status":"In Process","crm_oppr_id":"0301619846","territory":"EMEA","overall_status":"GREEN","update_by_date":"01.12.2017","open_date":"01.12.2017","update_date":"03:03 Dec 01, 2017","updated_by_name":"Namitha N Telkar","updated_by_code":"C5212278","pqa_pf_id":"13","pqa_pf_name":"Deal Qualification","num_cr":1,"next_cr":"Create CR-007","IsRowVisible":1,"IsExpandable":1,"ShowCreateCR":1,"CRMOppDesc":"CCN16 - ERP-on-HANA Migration","membership":"MY-TAB","dq_state":3,"cdd_state":null,"cdd_validation_state":null,"ho_state":null,"b1_emp_id":730,"ActionDesc":"DQ Completed","pricing_model":"HECPRD17","operation_mode":"1","ded_et_status":"Not Available","eng_roles":"'14','65'","territory_id":"16"},{"contract_type":"SOW","contract_desc":"SOW","eng_id":"5501","parent_id":"5501","customer_name":"Purdue University","crm_cust_id":"0000208442","eng_name":"HEC - Purdue University - Production","eng_status":"In Process","crm_oppr_id":"0302746623","territory":"North America","overall_status":"GREEN","update_by_date":"30.01.2018","open_date":"14.12.2017","update_date":"11:17 Jan 30, 2018","updated_by_name":"Siddhitha Pai","updated_by_code":"C5250141","pqa_pf_id":"15","pqa_pf_name":"Assessment","num_cr":1,"next_cr":"Create CR-001","IsRowVisible":1,"IsExpandable":1,"ShowCreateCR":1,"CRMOppDesc":"Purdue Analytics HEC","membership":"MY-TAB","dq_state":3,"cdd_state":null,"cdd_validation_state":null,"ho_state":null,"b1_emp_id":730,"ActionDesc":"Build & Finalise Landscape","pricing_model":"HECPRD17","operation_mode":"1","ded_et_status":"Not Available","eng_roles":"'14','17','64'","territory_id":"36"},{"contract_type":"SOW","contract_desc":"SOW","eng_id":"5510","parent_id":"5510","customer_name":"99 Cent Only Stores, Inc.","crm_cust_id":"0000179373","eng_name":"HEC - 99 Cent Only Stores, Inc. - Production","eng_status":"In Process","crm_oppr_id":"0301456757","territory":"Global","overall_status":"GREEN","update_by_date":"29.12.2017","open_date":"15.12.2017","update_date":"05:59 Dec 29, 2017","updated_by_name":"Sudipta Bhattacharya","updated_by_code":"C5208346","pqa_pf_id":"15","pqa_pf_name":"Assessment","num_cr":1,"next_cr":"Create CR-001","IsRowVisible":1,"IsExpandable":1,"ShowCreateCR":1,"CRMOppDesc":"HEC Production DataMart","membership":"MY-TAB","dq_state":3,"cdd_state":null,"cdd_validation_state":null,"ho_state":null,"b1_emp_id":730,"ActionDesc":"Build & Finalise Landscape","pricing_model":"HECPRD17","operation_mode":"1","ded_et_status":"Not Available","eng_roles":"'14'","territory_id":"15"},{"contract_type":"SOW","contract_desc":"SOW","eng_id":"5483","parent_id":"5483","customer_name":"McLaren Group Limited","crm_cust_id":"0003518511","eng_name":"HEC - McLaren Group Limited - Production","eng_status":"In Process","crm_oppr_id":"0301619846","territory":"Global","overall_status":"GREEN","update_by_date":"12.01.2018","open_date":"12.12.2017","update_date":"11:33 Jan 12, 2018","updated_by_name":"Rahul Anand","updated_by_code":"C5208348","pqa_pf_id":"15","pqa_pf_name":"Assessment","num_cr":1,"next_cr":"Create CR-001","IsRowVisible":1,"IsExpandable":1,"ShowCreateCR":1,"CRMOppDesc":"CCN16 - ERP-on-HANA Migration","membership":"MY-TAB","dq_state":3,"cdd_state":null,"cdd_validation_state":null,"ho_state":null,"b1_emp_id":730,"ActionDesc":"Build & Finalise Landscape","pricing_model":"HECPRD16","operation_mode":"1","ded_et_status":"Not Available","eng_roles":"'17','14'","territory_id":"15"},{"contract_type":"SOW","contract_desc":"SOW","eng_id":"5496","parent_id":"5496","customer_name":"McLaren Group Limited","crm_cust_id":"0003518511","eng_name":"HEC - McLaren Group Limited - Production","eng_status":"In Process","crm_oppr_id":"0301619846","territory":"EMEA","overall_status":"GREEN","update_by_date":"01.03.2018","open_date":"14.12.2017","update_date":"09:49 Mar 01, 2018","updated_by_name":"Sudipta Bhattacharya","updated_by_code":"C5208346","pqa_pf_id":"15","pqa_pf_name":"Assessment","num_cr":1,"next_cr":"Create CR-001","IsRowVisible":1,"IsExpandable":1,"ShowCreateCR":1,"CRMOppDesc":"CCN16 - ERP-on-HANA Migration","membership":"MY-TAB","dq_state":3,"cdd_state":null,"cdd_validation_state":null,"ho_state":null,"b1_emp_id":730,"ActionDesc":"Build & Finalise Landscape","pricing_model":"HECPRD17","operation_mode":"1","ded_et_status":"Not Available","eng_roles":"'64','17','14'","territory_id":"16"},{"contract_type":"SOW","contract_desc":"SOW","eng_id":"5644","parent_id":"5644","customer_name":"McLaren Group Limited","crm_cust_id":"0003518511","eng_name":"HEC - McLaren Group Limited - Production","eng_status":"In Process","crm_oppr_id":"0301619846","territory":"EMEA","overall_status":"GREEN","update_by_date":"31.05.2018","open_date":"13.02.2018","update_date":"11:04 May 31, 2018","updated_by_name":"Sudipta Bhattacharya","updated_by_code":"C5208346","pqa_pf_id":"15","pqa_pf_name":"Assessment","num_cr":1,"next_cr":"Create CR-001","IsRowVisible":1,"IsExpandable":1,"ShowCreateCR":1,"CRMOppDesc":"CCN16 - ERP-on-HANA Migration","membership":"MY-TAB","dq_state":3,"cdd_state":null,"cdd_validation_state":null,"ho_state":null,"b1_emp_id":730,"ActionDesc":"Build & Finalise Landscape","pricing_model":"HECPRD17","operation_mode":"1","ded_et_status":"Not Available","eng_roles":"'14','17'","territory_id":"16"},{"contract_type":"SOW","contract_desc":"SOW","eng_id":"5572","parent_id":"5572","customer_name":"Nestec SA","crm_cust_id":"0000160476","eng_name":"HEC - Nestec SA - Production","eng_status":"In Process","crm_oppr_id":"0302190111","territory":"MEE","overall_status":"GREEN","update_by_date":"19.04.2018","open_date":"28.01.2018","update_date":"02:33 Apr 19, 2018","updated_by_name":"Rahul Anand","updated_by_code":"C5208348","pqa_pf_id":"15","pqa_pf_name":"Assessment","num_cr":1,"next_cr":"Create CR-001","IsRowVisible":1,"IsExpandable":1,"ShowCreateCR":1,"CRMOppDesc":"CDP- Nestl� Waters  Hybris Plaftorm","membership":"MY-TAB","dq_state":3,"cdd_state":null,"cdd_validation_state":null,"ho_state":null,"b1_emp_id":730,"ActionDesc":"Build & Finalise Landscape","pricing_model":"HECPRD17","operation_mode":"1","ded_et_status":"Not Available","eng_roles":"'17','14'","territory_id":"30"},{"contract_type":"SOW","contract_desc":"SOW","eng_id":"5712","parent_id":"5712","customer_name":"McLaren Group Limited","crm_cust_id":"0003518511","eng_name":"HEC - McLaren Group Limited - Production","eng_status":"In Process","crm_oppr_id":"0301619846","territory":"EMEA","overall_status":"GREEN","update_by_date":"05.06.2018","open_date":"15.03.2018","update_date":"11:03 Jun 05, 2018","updated_by_name":"Sudipta Bhattacharya","updated_by_code":"C5208346","pqa_pf_id":"15","pqa_pf_name":"Assessment","num_cr":1,"next_cr":"Create CR-001","IsRowVisible":1,"IsExpandable":1,"ShowCreateCR":1,"CRMOppDesc":"CCN16 - ERP-on-HANA Migration","membership":"MY-TAB","dq_state":3,"cdd_state":null,"cdd_validation_state":null,"ho_state":null,"b1_emp_id":730,"ActionDesc":"Build & Finalise Landscape","pricing_model":"HECPRD17","operation_mode":"1","ded_et_status":"Not Available","eng_roles":"'14','17'","territory_id":"16"},{"contract_type":"SOW","contract_desc":"SOW","eng_id":"5705","parent_id":"5705","customer_name":"McLaren Group Limited","crm_cust_id":"0003518511","eng_name":"HEC - McLaren Group Limited - Production","eng_status":"In Process","crm_oppr_id":"0301619846","territory":"EMEA","overall_status":"GREEN","update_by_date":"13.03.2018","open_date":"13.03.2018","update_date":"07:38 Mar 13, 2018","updated_by_name":"Sudipta Bhattacharya","updated_by_code":"C5208346","pqa_pf_id":"40","pqa_pf_name":"CDD Approval","num_cr":1,"next_cr":"Create CR-001","IsRowVisible":1,"IsExpandable":1,"ShowCreateCR":1,"CRMOppDesc":"CCN16 - ERP-on-HANA Migration","membership":"MY-TAB","dq_state":3,"cdd_state":10,"cdd_validation_state":0,"ho_state":null,"b1_emp_id":730,"ActionDesc":"Set Contract as Signed","pricing_model":"HECPRD17","operation_mode":"1","ded_et_status":"Not Available","eng_roles":"'17','14','84'","territory_id":"16"},{"contract_type":"SOW","contract_desc":"SOW","eng_id":"5469","parent_id":"5469","customer_name":"MITSUI KNOWLEDGE INDUSTRY CO., LTD.","crm_cust_id":"0004177437","eng_name":"HEC - MITSUI KNOWLEDGE INDUSTRY CO., LTD. - Production","eng_status":"Booked","crm_oppr_id":"0301614585","territory":"APJ","overall_status":"GREEN","update_by_date":"30.01.2018","open_date":"04.12.2017","update_date":"03:47 Jan 30, 2018","updated_by_name":"Sudipta Bhattacharya","updated_by_code":"C5208346","pqa_pf_id":"35","pqa_pf_name":"CDD Request","num_cr":1,"next_cr":"Create CR-003","IsRowVisible":1,"IsExpandable":1,"ShowCreateCR":1,"CRMOppDesc":"CAA TLs should get added now.","membership":"MY-TAB","dq_state":3,"cdd_state":12,"cdd_validation_state":0,"ho_state":0,"b1_emp_id":730,"ActionDesc":"Initiate New CDD","pricing_model":"HECPRD17","operation_mode":"1","ded_et_status":"Handover","eng_roles":"'64','14','65','17','25'","territory_id":"18"},{"contract_type":"SOW","contract_desc":"SOW","eng_id":"5754","parent_id":"5754","customer_name":"Bombril S.A.","crm_cust_id":"0001109774","eng_name":"HEC - Bombril S.A. - Production","eng_status":"Booked","crm_oppr_id":"0302783358","territory":"Latin America","overall_status":"GREEN","update_by_date":"13.06.2018","open_date":"26.04.2018","update_date":"11:00 Jun 13, 2018","updated_by_name":"Rahul Anand","updated_by_code":"C5208348","pqa_pf_id":"40","pqa_pf_name":"CDD Approval","num_cr":1,"next_cr":"Create CR-002","IsRowVisible":1,"IsExpandable":1,"ShowCreateCR":1,"CRMOppDesc":"BOMBRIL - HEC - CPE","membership":"MY-TAB","dq_state":3,"cdd_state":10,"cdd_validation_state":0,"ho_state":2,"b1_emp_id":730,"ActionDesc":"Set Contract as Signed","pricing_model":"HECPRD17","operation_mode":"1","ded_et_status":"Handover","eng_roles":"'17'","territory_id":"35"}]}},"AddNewAssessmentEnable":"Y","AddNewDummyAssessmentEnable":"N","EditLandscapeAuthority":"N"}}