{
	"GetQAPTOpportunity": {
		"LineNo": 1,
		"OpportunityId": "5711",
		"CRFlag": "N",
		"CustomerName": "ALCATEL LUCENT INTERNATIONAL",
		"CRMOpportunityID": "9998887776",
		"ContractType": "NewProject",
		"Contractname": "HEC int - ALCATEL LUCENT INTERNATIONAL - Production",
		"CustomerID": "0001171138",
		"ContractOpenDate": "Mar 15, 2018",
		"ContractLastUpdate": "10:41 Jul 13, 2018",
		"Operation": "1",
		"UpdatedBy": "Annie Peter",
		"UpdatedByCode": "C5235192",
		"QAPRProcessFlowStage": "Assessment",
		"IsDraft": "N",
		"DraftOwner": "",
		"QA": {
			"CustomerName": "ALCATEL LUCENT INTERNATIONAL",
			"CustomerID": "0001171138",
			"Industry": "other",
			"CustomerMarketUnit": "",
			"PCN_or_SCP": "N",
			"CRM_OpportunityID": "9998887776",
			"PricingToolQoutationNo": "",
			"CRMOpportunityID4AMS": "",
			"ExpectedClosingDate": "",
			"DealOverview": "",
			"SpecialCertification": [""],
			"OverviewSharedWithCustomer": "N",
			"CloudAsViableDeploymentOption": "N",
			"LargerDealPart": "N",
			"LargerDealScenario": "",
			"NetNewOrExisting": "N",
			"OneDB_IncludedInLandscape": "N",
			"OperationMode": "PROD",
			"UsageOfHostingProvider": "N",
			"Reason4HostingProvider": "",
			"AgreementTerm": "36",
			"PrimaryDatacenter": "02",
			"DeviationsFromStandardSecFramework": "",
			"EU_DataProtection": "N",
			"AMS_Desired": "Y",
			"DesiredScopeAndMonthlyVolume": "",
			"ServiceDiscussion": "Y",
			"AppSupportBasedOnSLA": "Y",
			"RemoteAMS_Services": "Y",
			"Third_PartySupportLegalCompliance": "",
			"SpecialSLA_Requirements": "N",
			"DesiredSLA_Requirements": "",
			"CustomerMaturity": "Y",
			"AvailabilityOfSolutionDocs": "Y",
			"TeamAvailability4KT": "Y",
			"IsDraft": "N",
			"DraftOwner": "",
			"DQ_AssignCAA": "",
			"OperationModeDesc": "HEC Productive Cloud",
			"DurationUnit": "Months",
			"DeliveredBy": "MCD",
			"PremiumSupplier": "",
			"ThirdPartySoftware": "N",
			"SpecialCertsOther": "",
			"EMSOpprId": "",
			"ContractType": "SOW",
			"DEDUrl": "https://devstatusdevhec.int.hana.ondemand.com/HECLaunchPad/",
			"VSOEQuarter": "",
			"BasisOpprId": "5711",
			"DealPriority": "2",
			"GxPAddendum": "N",
			"CustomerLocation": "",
			"Subscription": "Y",
			"LicenceDeviation": "Y",
			"ReasonLicenceDeviation": "",
			"NonEMS": "N",
			"Seizing": "N",
			"DeadlineCAA": "",
			"FirstCAASupport": "4",
			"CID": "",
			"CoreAttach": "N",
			"ExistingCloudGTC": "N",
			"ExistingHECTerms": "N",
			"DPARequirement": "N",
			"ExpectedContractStartDate": "",
			"EditQualProperty": false,
			"EditProperty": false,
			"DealHistory": [],
			"dedLinkDisplay": false,
			"dedLink": "NA",
			"dedLinkDesc": "NA",
			"LD_IndicativePricingPPTLink": "https://mdocs.sap.com/mcm/browser/v1/open?rep=share&obj=pvHoa7NUiJ2yANnF5UH1MJyo5IGrXcAOMSSwLr2KM_A",
			"AWSData": [],
			"DQDocs": []
		},
		"Contacts": {
			"CUST": [],
			"AMS": [],
			"SAP": [],
			"HEC": [],
			"PROJ": [{
				"Code": "005711-001",
				"Name": "005711-001",
				"LineId": "001",
				"RoleId": "17",
				"RoleName": "ET SSEM",
				"AssignedUserCode": "C5208346",
				"AssignedUserName": "Sudipta Bhattacharya",
				"Default": "true",
				"Active": "true",
				"OpprId": "5711",
				"DelFlag": "N",
				"UserLookupType": "Y",
				"ContactEmail": "sudipta.bhattacharya01@sap.com",
				"ContactDetails": "",
				"CardCode": "",
				"Phone": "",
				"Location": "",
				"CellPhone": "",
				"ContactUserCode": "",
				"CustRedPhone": "",
				"NoRedPhoneWanted": "N",
				"EditProperty": false,
				"UpdateFlag": false
			}],
			"PREMISUPP": []
		},
		"LandscapeAsIs": [],
		"LandscapeToBe": {
			"ContractingParty": {
				"Name": "ALCATEL LUCENT INTERNATIONAL",
				"ErpNo": "",
				"CRMId": "0001171138",
				"TZ": ""
			},
			"LicenseOwner": {
				"Name": "",
				"ErpNo": "",
				"CRMId": ""
			},
			"LandscapeOnwer": {
				"Name": "",
				"ErpNo": "",
				"CRMId": ""
			},
			"LandscapeOverview": [{
				"Type": "sol_line",
				"Code": "005711-001-001",
				"Description": "SAP ERP",
				"Sequence": "0",
				"LineId": "001-001",
				"DelFlag": "N",
				"Visible": true,
				"TotalTierNo": 1
			}, {
				"Type": "tier_line",
				"Code": "005711-001-001-001",
				"Description": "DEV",
				"LineId": "001-001",
				"DelFlag": "N",
				"SolLineId": "001-001",
				"Visible": false,
				"TotalTierNo": ""
			}, {
				"Type": "sol_line",
				"Code": "005711-001-002",
				"Description": "HANA datamart",
				"Sequence": "2",
				"LineId": "001-002",
				"DelFlag": "N",
				"Visible": true,
				"TotalTierNo": 1
			}, {
				"Type": "tier_line",
				"Code": "005711-001-002-001",
				"Description": "PROD",
				"LineId": "002-001",
				"DelFlag": "N",
				"SolLineId": "001-002",
				"Visible": false,
				"TotalTierNo": ""
			}],
			"BlacklistedSID": ["ADD", "ADM", "ALL", "AMD", "AND", "ANY", "ARE", "ASC", "AUX", "AVG", "BIN", "BIT", "CDC", "COM", "CON", "DAA", "DBA",
				"END", "EPS", "EXE", "FOR", "GET", "GID", "IBM", "INT", "KEY", "LIB", "LOG", "LPT", "MAP", "MAX", "MEM", "MIG", "MIN", "MON", "NIX",
				"NOT", "NUL", "OFF", "OLD", "OMS", "OUT", "PAD", "PRN", "RAW", "REF", "ROW", "SAP", "SET", "SGA", "SHG", "SID", "SLD", "SQL", "SUM",
				"SYS", "TMP", "TOP", "TRC", "UID", "USE", "USR", "VAR"
			],
			"VersionInfo": [{
				"Code": "005711-001",
				"VersionId": "1",
				"VersionDesc": "Version 1",
				"FinalVersion": "N"
			}, {
				"Code": "XXX",
				"VersionId": "X",
				"VersionDesc": "New Version",
				"FinalVersion": "N"
			}],
			"VersionId": "1",
			"OpprId": "005711",
			"ProjectDescription": "",
			"Currency": "EUR",
			"DeliveryDate": "CDD not yet initiated",
			"ContractSignDate": "2018-06-15",
			"Duration": "36",
			"DurationUnit": "",
			"DeliveredBy": "MCD",
			"EUDataProtection": "N",
			"PremiumSupplier": "",
			"VersionIdDesc": "Version 1",
			"PricingModelDesc": "ARCHITECTURE MODEL 2017",
			"PricingModel": "HECPRD17",
			"SuserId": "",
			"SUserPaswdCheck": "N",
			"ProjInstNum": "",
			"PrimaryDataCenter": "02",
			"EMSSalesOrder": "",
			"IsSSORequired": "",
			"SystemTimeZone": "UTC (UTC) Coordinated Universa",
			"SupportHours_Prod": "",
			"SupportHours_NonPr": "",
			"SupportTimeZone": "",
			"SupportHours_Prod_Enable": true,
			"OperationMode": "PROD",
			"PartnerDescription": "",
			"Partner": "",
			"QuotationNo": "",
			"QuotationDate": "",
			"QuotationCost": "",
			"PartnerOffering": "N",
			"MigrationContact": "",
			"MigrationContactNice": "()",
			"MigWorkshopDel": "",
			"MigWorkshopDelNice": "",
			"MigWorkshopBy": "",
			"MigWorkshopByNice": "()",
			"IsMigWorkshopOpAv": "N",
			"MigMethodology": "0",
			"MigMethodologyNice": "Not Applicable",
			"MigMethodologyDesc": "",
			"NumOfMigCycles": "",
			"IsUpdHANAReq": "N",
			"UnicodeConvReq": "N",
			"IsDualStackSplitRe": "N",
			"CustomCodeAdjReq": "N",
			"TLMDescr": "",
			"HighLevelProjPlan": "N",
			"SecTopicsClarified": "N",
			"InterfaceClarifica": "N",
			"PreTransitionChk": "N",
			"ExportTransferMeth": "0",
			"ExportTransferMethNice": "Not Applicable",
			"ExportTransferDesc": "",
			"DBExportSize": "",
			"MigSAPTeam": "",
			"MDCHANASystems": [],
			"EditProperty": false,
			"EditMigrationProperty": false,
			"EffContractSignDate": "Not Available",
			"ContractStartDate": "Not Available",
			"TotalContractValue": "0",
			"AddSubscription": "N",
			"Region": "16",
			"flagInstallationNo": true,
			"IsGXP": "N",
			"ICPDesc": "",
			"ShowHanaEncryptionVal": false,
			"EMSStartDate": "",
			"EMSEndDate": "",
			"HECInstNo": "",
			"SecondaryDC": "",
			"NumberOfPriceIterations": "1",
			"IONumber": "",
			"Phases": [{
				"Code": "005711-001-001",
				"PhaseNumber": "1",
				"PhaseName": "Phase 1",
				"PhaseStart": "1",
				"PhaseEnd": "36",
				"LineId": "001-001",
				"OpprId": "005711",
				"PhaseDescription": "",
				"GUID": "1F85485B034C6615E1000000C6121CF5",
				"VisibleFlag": true,
				"PhaseStartDate": "",
				"VersionId": "1",
				"UpdateFlag": false,
				"EditProperty": false
			}],
			"Landscape": [{
				"Code": "005711-001-001",
				"ImplementationType": "Greenfield",
				"ImplementationTypeDescr": "Greenfield",
				"Usage": "",
				"SolutionProduct": "HSO.000020",
				"SolutionProductDesc": "SAP ERP",
				"DBType": "HDB",
				"DBTypeDescr": "HANA",
				"LineId": "001-001",
				"VersionId": "1",
				"Sequence": "0",
				"GUID": "2285485B034C6615E1000000C6121CF5",
				"LD_NumOfTiers": "0",
				"LD_TierDetails": "",
				"LD_Uncompressed_DB": "0",
				"LD_ConcurrentUsers": "0",
				"LD_BandwidthReq": "U",
				"LD_DR": "N",
				"LD_ProdLandscape": "N",
				"IsMDCHANA": "N",
				"hint_tip": "Tiers : DEV (24 Servers)",
				"Addons": [],
				"LD_TshirtSuggested": "dummy t-shirt XXL ",
				"LD_IndicativePricingPPTLink": "https://mdocs.sap.com/mcm/browser/v1/open?rep=share&obj=pvHoa7NUiJ2yANnF5UH1MJyo5IGrXcAOMSSwLr2KM_A",
				"LD_IndicativePricingPPTLabel": "View indicative Price PPT",
				"LD_IndicativePricingPPTVisible": true,
				"LD_SolCaseType": "Not all fields are filled",
				"SolInstNum": "",
				"LicenseKey": "",
				"SolutionSLA": "0",
				"DBVersion": "",
				"DBVersionComment": "",
				"AppReleasePatch": "",
				"AppRelPatchComment": "",
				"Kernel": "",
				"KernelComment": "",
				"Tiers": [{
					"Code": "005711-001-001-001",
					"TierType": "DEV",
					"PhaseNumber": "1",
					"SID": "",
					"AmsSupport": "N",
					"AmsSupportPackage": "0",
					"AmsSupportPackageDesc": "",
					"AMSSupportPeriod": "0",
					"LineId": "001-001",
					"IncludeDR": "N",
					"ResponsibleCTC": "",
					"ResponsibleCTCName": "",
					"Comment": "",
					"TierSLA": "1",
					"CDD": "Not Available",
					"GXPRequired": "N",
					"CustomerClientNo": "",
					"HECInstNo": "",
					"SecondaryDC": "",
					"TypeOfSizing": "1",
					"SizingRemarks": "",
					"FinancialRelevance": "N",
					"CustomerDiscussion": "N",
					"LoadBalancerReq": "N",
					"GUID": "2585485B034C6615E1000000C6121CF5",
					"DR_GUID": "2685485B034C6615E1000000C6121CF5",
					"LBRegion": "1",
					"LBInboundTraffic": "0",
					"LBOutboundtraffic": "0",
					"SE_ApprTicketNo": "",
					"PrimaryDC": "02",
					"NumDsRepository": "",
					"NONProdSupport": "N",
					"DBVersion": "",
					"DBVersionComment": "",
					"UseMDCHANA": "N",
					"MDCHANASystem": "",
					"DBSID": "",
					"UnchangedDBSID": "",
					"HIPAA": "N",
					"CustClientComment": "",
					"UpdateFlag": false,
					"MDCEnabled": false,
					"DBSIDEnabled": false,
					"Lname": "DEV",
					"DB_HA": "N",
					"DB_HA_OperMode": null,
					"DB_Encryption": "N",
					"AppReleasePatch": "",
					"AppRelPatchComment": "",
					"Kernel": "",
					"KernelComment": "",
					"ImplementationType": "Greenfield",
					"RTOValue": "",
					"BWRelatedBasicConfiguration": "N",
					"flagInstallationNo": true,
					"hint_tip": "Addons : 0,\nGxP : N,\nFinanacial Relevant : N,\nDiscussed with Customer : N,\nResponsible CTC :  (),\nNum of Servers : 24,\nServer List : Virtual 32 GB, Linux (APP),\n\t\tVirtual 64 GB, Linux (APP),\n\t\tVirtual-130GB-AWS, Windows (APP),\n\t\tVirtual 32 GB, Windows (APP),\n\t\tVirtual 64 GB, Windows (APP),\n\t\tHANA-Virtual-65GB-AWS, Linux (r4.2xlarge/r3.2xlarge) (DB),\n\t\tHANA-Virtual-64GB, Linux (DB),\n\t\tHANA-Virtual-128GB, Linux (DB),\n\t\tHANA-Virtual-256GB, Linux (DB),\n\t\tHANA-Virtual-523GB-AWS, Linux (r4.16xlarge) (DB),\n\t\tHANA-Virtual-2095GB-AWS, Linux (x1.32xlarge) (DB),\n\t\tHANA-Physical-2TB-Ivy, Linux (DB),\n\t\tHANA-Virtual-64GB, Linux (DB),\n\t\tHANA-Virtual-128GB, Linux (DB),\n\t\tHANA-Virtual-523GB-AWS, Linux (r4.16xlarge) (DB),\n\t\tVirtual 32 GB, Windows (APP),\n\t\tVirtual 64 GB, Windows (APP),\n\t\tVirtual-130GB-AWS, Windows (APP),\n\t\tVirtual 64 GB, Linux (APP),\n\t\tVirtual 32 GB, Linux (APP),\n\t\tVirtual-130GB-AWS, Windows (APP),\n\t\tVirtual 32 GB, Windows (APP),\n\t\tVirtual 64 GB, Windows (APP),\n\t\tVirtual 32 GB, Windows (APP)",
					"Addons": [],
					"Servers": [{
						"Code": "005711-001-001-001-001",
						"ServerType": "HPC.000196",
						"ServerTypeDescr": "Virtual 32 GB, Linux",
						"AppOrDB": "1",
						"StorageSize": "100",
						"StorageType": "HPI.000147",
						"ServerRAM": "32",
						"Backup": "HPI.000145",
						"ComponentTarif": "",
						"Usage": "",
						"LTBMonthly": "N",
						"LTBMonthStartD": "",
						"LTBQuarterly": "N",
						"ServerSLA": "1",
						"MigrationType": "0",
						"MigrationMethod": "0",
						"UnicodeSingleConv": "N",
						"UnicodeMultConv": "N",
						"LTBQuarterlyStartD": "",
						"LTBYearly": "N",
						"LTByearlyStartD": "",
						"HanaScaleOut": "N",
						"DualStackSplit": "N",
						"LineId": "001-001",
						"Stack": "2",
						"AppReleasePatch": "",
						"Kernel": "",
						"OSVersion": "sles12_sp3",
						"DBVersion": "",
						"PrmiaryHostName": "",
						"MasterNodes": "1",
						"AdditionalNodes": "0",
						"StandbyNodes": "0",
						"LTBMonthlyType": "0",
						"LTBQuarterlyType": "0",
						"LTBYearlyType": "0",
						"HanaEncryption": "N",
						"ExcludeDR": "N",
						"HanaEncryptionVal": "0",
						"HDBAddSchema": "0",
						"AgeStart": "1",
						"AgeEnd": "36",
						"InstanceNum": "",
						"ExpDBGrowth1": "0",
						"ExpDBGrowth2": "0",
						"ExpDBGrowth3": "0",
						"AddStorage4Cust": "0",
						"OsType": "linux",
						"GUID": "2985485B034C6615E1000000C6121CF5",
						"StorageGUID": "2A85485B034C6615E1000000C6121CF5",
						"BackupGUID": "2B85485B034C6615E1000000C6121CF5",
						"DR_GUID": "2C85485B034C6615E1000000C6121CF5",
						"DR_StorageGUID": "2D85485B034C6615E1000000C6121CF5",
						"DR_BackupGUID": "2E85485B034C6615E1000000C6121CF5",
						"hint_tip": "Backup : GB Backup - weekly full backup 2 weeks retention period,\nApp release Patch : ,\nOs Version : sles12_sp3,\nDB Version : ",
						"UpdateFlag": false,
						"AddLanguages": [],
						"PrimaryLang": "",
						"SecondaryLang": "",
						"AppRelPatchComment": "",
						"DBVersionComment": "",
						"KernelComment": "",
						"SuccessorType": "",
						"LTBType": ""
					}, {
						"Code": "005711-001-001-001-002",
						"ServerType": "HPC.000195",
						"ServerTypeDescr": "Virtual 64 GB, Linux",
						"AppOrDB": "1",
						"StorageSize": "100",
						"StorageType": "HPI.000147",
						"ServerRAM": "64",
						"Backup": "HPI.000145",
						"ComponentTarif": "",
						"Usage": "",
						"LTBMonthly": "N",
						"LTBMonthStartD": "",
						"LTBQuarterly": "N",
						"ServerSLA": "1",
						"MigrationType": "0",
						"MigrationMethod": "0",
						"UnicodeSingleConv": "N",
						"UnicodeMultConv": "N",
						"LTBQuarterlyStartD": "",
						"LTBYearly": "N",
						"LTByearlyStartD": "",
						"HanaScaleOut": "N",
						"DualStackSplit": "N",
						"LineId": "001-002",
						"Stack": "2",
						"AppReleasePatch": "",
						"Kernel": "",
						"OSVersion": "sles12_sp3",
						"DBVersion": "",
						"PrmiaryHostName": "",
						"MasterNodes": "1",
						"AdditionalNodes": "0",
						"StandbyNodes": "0",
						"LTBMonthlyType": "0",
						"LTBQuarterlyType": "0",
						"LTBYearlyType": "0",
						"HanaEncryption": "N",
						"ExcludeDR": "N",
						"HanaEncryptionVal": "0",
						"HDBAddSchema": "0",
						"AgeStart": "1",
						"AgeEnd": "36",
						"InstanceNum": "",
						"ExpDBGrowth1": "0",
						"ExpDBGrowth2": "0",
						"ExpDBGrowth3": "0",
						"AddStorage4Cust": "0",
						"OsType": "linux",
						"GUID": "3185485B034C6615E1000000C6121CF5",
						"StorageGUID": "3285485B034C6615E1000000C6121CF5",
						"BackupGUID": "3385485B034C6615E1000000C6121CF5",
						"DR_GUID": "3485485B034C6615E1000000C6121CF5",
						"DR_StorageGUID": "3585485B034C6615E1000000C6121CF5",
						"DR_BackupGUID": "3685485B034C6615E1000000C6121CF5",
						"hint_tip": "Backup : GB Backup - weekly full backup 2 weeks retention period,\nApp release Patch : ,\nOs Version : sles12_sp3,\nDB Version : ",
						"UpdateFlag": false,
						"AddLanguages": [],
						"PrimaryLang": "",
						"SecondaryLang": "",
						"AppRelPatchComment": "",
						"DBVersionComment": "",
						"KernelComment": "",
						"SuccessorType": "",
						"LTBType": ""
					}, {
						"Code": "005711-001-001-001-003",
						"ServerType": "HPC.000228",
						"ServerTypeDescr": "Virtual-130GB-AWS, Windows",
						"AppOrDB": "1",
						"StorageSize": "0",
						"StorageType": "HPI.000147",
						"ServerRAM": "0",
						"Backup": "HPI.000145",
						"ComponentTarif": "",
						"Usage": "",
						"LTBMonthly": "N",
						"LTBMonthStartD": "",
						"LTBQuarterly": "N",
						"ServerSLA": "1",
						"MigrationType": "0",
						"MigrationMethod": "0",
						"UnicodeSingleConv": "N",
						"UnicodeMultConv": "N",
						"LTBQuarterlyStartD": "",
						"LTBYearly": "N",
						"LTByearlyStartD": "",
						"HanaScaleOut": "N",
						"DualStackSplit": "N",
						"LineId": "001-003",
						"Stack": "2",
						"AppReleasePatch": "",
						"Kernel": "",
						"OSVersion": "windows2k16",
						"DBVersion": "",
						"PrmiaryHostName": "",
						"MasterNodes": "1",
						"AdditionalNodes": "0",
						"StandbyNodes": "0",
						"LTBMonthlyType": "0",
						"LTBQuarterlyType": "0",
						"LTBYearlyType": "0",
						"HanaEncryption": "N",
						"ExcludeDR": "N",
						"HanaEncryptionVal": "0",
						"HDBAddSchema": "0",
						"AgeStart": "1",
						"AgeEnd": "36",
						"InstanceNum": "",
						"ExpDBGrowth1": "0",
						"ExpDBGrowth2": "0",
						"ExpDBGrowth3": "0",
						"AddStorage4Cust": "0",
						"OsType": "windows",
						"GUID": "3985485B034C6615E1000000C6121CF5",
						"StorageGUID": "3A85485B034C6615E1000000C6121CF5",
						"BackupGUID": "3B85485B034C6615E1000000C6121CF5",
						"DR_GUID": "3C85485B034C6615E1000000C6121CF5",
						"DR_StorageGUID": "3D85485B034C6615E1000000C6121CF5",
						"DR_BackupGUID": "3E85485B034C6615E1000000C6121CF5",
						"hint_tip": "Backup : GB Backup - weekly full backup 2 weeks retention period,\nApp release Patch : ,\nOs Version : windows2k16,\nDB Version : ",
						"UpdateFlag": false,
						"AddLanguages": [],
						"PrimaryLang": "",
						"SecondaryLang": "",
						"AppRelPatchComment": "",
						"DBVersionComment": "",
						"KernelComment": "",
						"SuccessorType": "",
						"LTBType": ""
					}, {
						"Code": "005711-001-001-001-004",
						"ServerType": "HPC.000201",
						"ServerTypeDescr": "Virtual 32 GB, Windows",
						"AppOrDB": "1",
						"StorageSize": "52",
						"StorageType": "HPI.000147",
						"ServerRAM": "32",
						"Backup": "HPI.000145",
						"ComponentTarif": "",
						"Usage": "",
						"LTBMonthly": "N",
						"LTBMonthStartD": "",
						"LTBQuarterly": "N",
						"ServerSLA": "1",
						"MigrationType": "0",
						"MigrationMethod": "0",
						"UnicodeSingleConv": "N",
						"UnicodeMultConv": "N",
						"LTBQuarterlyStartD": "",
						"LTBYearly": "N",
						"LTByearlyStartD": "",
						"HanaScaleOut": "N",
						"DualStackSplit": "N",
						"LineId": "001-004",
						"Stack": "2",
						"AppReleasePatch": "",
						"Kernel": "",
						"OSVersion": "windows2k16",
						"DBVersion": "",
						"PrmiaryHostName": "",
						"MasterNodes": "1",
						"AdditionalNodes": "0",
						"StandbyNodes": "0",
						"LTBMonthlyType": "0",
						"LTBQuarterlyType": "0",
						"LTBYearlyType": "0",
						"HanaEncryption": "N",
						"ExcludeDR": "N",
						"HanaEncryptionVal": "0",
						"HDBAddSchema": "0",
						"AgeStart": "1",
						"AgeEnd": "36",
						"InstanceNum": "",
						"ExpDBGrowth1": "0",
						"ExpDBGrowth2": "0",
						"ExpDBGrowth3": "0",
						"AddStorage4Cust": "0",
						"OsType": "windows",
						"GUID": "4185485B034C6615E1000000C6121CF5",
						"StorageGUID": "4285485B034C6615E1000000C6121CF5",
						"BackupGUID": "4385485B034C6615E1000000C6121CF5",
						"DR_GUID": "4485485B034C6615E1000000C6121CF5",
						"DR_StorageGUID": "4585485B034C6615E1000000C6121CF5",
						"DR_BackupGUID": "4685485B034C6615E1000000C6121CF5",
						"hint_tip": "Backup : GB Backup - weekly full backup 2 weeks retention period,\nApp release Patch : ,\nOs Version : windows2k16,\nDB Version : ",
						"UpdateFlag": false,
						"AddLanguages": [],
						"PrimaryLang": "",
						"SecondaryLang": "",
						"AppRelPatchComment": "",
						"DBVersionComment": "",
						"KernelComment": "",
						"SuccessorType": "",
						"LTBType": ""
					}, {
						"Code": "005711-001-001-001-005",
						"ServerType": "HPC.000205",
						"ServerTypeDescr": "Virtual 64 GB, Windows",
						"AppOrDB": "1",
						"StorageSize": "100",
						"StorageType": "HPI.000147",
						"ServerRAM": "64",
						"Backup": "HPI.000145",
						"ComponentTarif": "",
						"Usage": "",
						"LTBMonthly": "N",
						"LTBMonthStartD": "",
						"LTBQuarterly": "N",
						"ServerSLA": "1",
						"MigrationType": "0",
						"MigrationMethod": "0",
						"UnicodeSingleConv": "N",
						"UnicodeMultConv": "N",
						"LTBQuarterlyStartD": "",
						"LTBYearly": "N",
						"LTByearlyStartD": "",
						"HanaScaleOut": "N",
						"DualStackSplit": "N",
						"LineId": "001-005",
						"Stack": "2",
						"AppReleasePatch": "",
						"Kernel": "",
						"OSVersion": "windows2k16",
						"DBVersion": "",
						"PrmiaryHostName": "",
						"MasterNodes": "1",
						"AdditionalNodes": "0",
						"StandbyNodes": "0",
						"LTBMonthlyType": "0",
						"LTBQuarterlyType": "0",
						"LTBYearlyType": "0",
						"HanaEncryption": "N",
						"ExcludeDR": "N",
						"HanaEncryptionVal": "0",
						"HDBAddSchema": "0",
						"AgeStart": "1",
						"AgeEnd": "36",
						"InstanceNum": "",
						"ExpDBGrowth1": "0",
						"ExpDBGrowth2": "0",
						"ExpDBGrowth3": "0",
						"AddStorage4Cust": "0",
						"OsType": "windows",
						"GUID": "4985485B034C6615E1000000C6121CF5",
						"StorageGUID": "4A85485B034C6615E1000000C6121CF5",
						"BackupGUID": "4B85485B034C6615E1000000C6121CF5",
						"DR_GUID": "4C85485B034C6615E1000000C6121CF5",
						"DR_StorageGUID": "4D85485B034C6615E1000000C6121CF5",
						"DR_BackupGUID": "4E85485B034C6615E1000000C6121CF5",
						"hint_tip": "Backup : GB Backup - weekly full backup 2 weeks retention period,\nApp release Patch : ,\nOs Version : windows2k16,\nDB Version : ",
						"UpdateFlag": false,
						"AddLanguages": [],
						"PrimaryLang": "",
						"SecondaryLang": "",
						"AppRelPatchComment": "",
						"DBVersionComment": "",
						"KernelComment": "",
						"SuccessorType": "",
						"LTBType": ""
					}, {
						"Code": "005711-001-001-001-006",
						"ServerType": "HPC.000226",
						"ServerTypeDescr": "HANA-Virtual-65GB-AWS, Linux (r4.2xlarge/r3.2xlarge)",
						"AppOrDB": "2",
						"StorageSize": "183",
						"StorageType": "HPI.000147",
						"ServerRAM": "61",
						"Backup": "HPI.000145",
						"ComponentTarif": "",
						"Usage": "",
						"LTBMonthly": "N",
						"LTBMonthStartD": "",
						"LTBQuarterly": "N",
						"ServerSLA": "1",
						"MigrationType": "0",
						"MigrationMethod": "0",
						"UnicodeSingleConv": "N",
						"UnicodeMultConv": "N",
						"LTBQuarterlyStartD": "",
						"LTBYearly": "N",
						"LTByearlyStartD": "",
						"HanaScaleOut": "N",
						"DualStackSplit": "N",
						"LineId": "001-006",
						"Stack": "1",
						"AppReleasePatch": "",
						"Kernel": "",
						"OSVersion": "sles12_sp3",
						"DBVersion": "HDB_122_11",
						"PrmiaryHostName": "",
						"MasterNodes": "1",
						"AdditionalNodes": "0",
						"StandbyNodes": "0",
						"LTBMonthlyType": "0",
						"LTBQuarterlyType": "0",
						"LTBYearlyType": "0",
						"HanaEncryption": "N",
						"ExcludeDR": "N",
						"HanaEncryptionVal": "0",
						"HDBAddSchema": "0",
						"AgeStart": "1",
						"AgeEnd": "36",
						"InstanceNum": "",
						"ExpDBGrowth1": "0",
						"ExpDBGrowth2": "0",
						"ExpDBGrowth3": "0",
						"AddStorage4Cust": "0",
						"OsType": "linux",
						"GUID": "5185485B034C6615E1000000C6121CF5",
						"StorageGUID": "5285485B034C6615E1000000C6121CF5",
						"BackupGUID": "5385485B034C6615E1000000C6121CF5",
						"DR_GUID": "5485485B034C6615E1000000C6121CF5",
						"DR_StorageGUID": "5585485B034C6615E1000000C6121CF5",
						"DR_BackupGUID": "5685485B034C6615E1000000C6121CF5",
						"hint_tip": "Backup : GB Backup - weekly full backup 2 weeks retention period,\nApp release Patch : ,\nOs Version : sles12_sp3,\nDB Version : HDB_122_11",
						"UpdateFlag": false,
						"AddLanguages": [],
						"PrimaryLang": "",
						"SecondaryLang": "",
						"AppRelPatchComment": "",
						"DBVersionComment": "",
						"KernelComment": "",
						"SuccessorType": "",
						"LTBType": ""
					}, {
						"Code": "005711-001-001-001-007",
						"ServerType": "HPC.000210",
						"ServerTypeDescr": "HANA-Virtual-64GB, Linux",
						"AppOrDB": "2",
						"StorageSize": "192",
						"StorageType": "HPI.000147",
						"ServerRAM": "64",
						"Backup": "HPI.000145",
						"ComponentTarif": "",
						"Usage": "",
						"LTBMonthly": "N",
						"LTBMonthStartD": "",
						"LTBQuarterly": "N",
						"ServerSLA": "1",
						"MigrationType": "0",
						"MigrationMethod": "0",
						"UnicodeSingleConv": "N",
						"UnicodeMultConv": "N",
						"LTBQuarterlyStartD": "",
						"LTBYearly": "N",
						"LTByearlyStartD": "",
						"HanaScaleOut": "N",
						"DualStackSplit": "N",
						"LineId": "001-007",
						"Stack": "1",
						"AppReleasePatch": "",
						"Kernel": "",
						"OSVersion": "sles12_sp3",
						"DBVersion": "HDB_122_11",
						"PrmiaryHostName": "",
						"MasterNodes": "1",
						"AdditionalNodes": "0",
						"StandbyNodes": "0",
						"LTBMonthlyType": "0",
						"LTBQuarterlyType": "0",
						"LTBYearlyType": "0",
						"HanaEncryption": "N",
						"ExcludeDR": "N",
						"HanaEncryptionVal": "0",
						"HDBAddSchema": "0",
						"AgeStart": "1",
						"AgeEnd": "36",
						"InstanceNum": "",
						"ExpDBGrowth1": "0",
						"ExpDBGrowth2": "0",
						"ExpDBGrowth3": "0",
						"AddStorage4Cust": "0",
						"OsType": "linux",
						"GUID": "5985485B034C6615E1000000C6121CF5",
						"StorageGUID": "5A85485B034C6615E1000000C6121CF5",
						"BackupGUID": "5B85485B034C6615E1000000C6121CF5",
						"DR_GUID": "5C85485B034C6615E1000000C6121CF5",
						"DR_StorageGUID": "5D85485B034C6615E1000000C6121CF5",
						"DR_BackupGUID": "5E85485B034C6615E1000000C6121CF5",
						"hint_tip": "Backup : GB Backup - weekly full backup 2 weeks retention period,\nApp release Patch : ,\nOs Version : sles12_sp3,\nDB Version : HDB_122_11",
						"UpdateFlag": false,
						"AddLanguages": [],
						"PrimaryLang": "",
						"SecondaryLang": "",
						"AppRelPatchComment": "",
						"DBVersionComment": "",
						"KernelComment": "",
						"SuccessorType": "",
						"LTBType": ""
					}, {
						"Code": "005711-001-001-001-008",
						"ServerType": "HPC.000199",
						"ServerTypeDescr": "HANA-Virtual-128GB, Linux",
						"AppOrDB": "2",
						"StorageSize": "384",
						"StorageType": "HPI.000147",
						"ServerRAM": "128",
						"Backup": "HPI.000145",
						"ComponentTarif": "",
						"Usage": "",
						"LTBMonthly": "N",
						"LTBMonthStartD": "",
						"LTBQuarterly": "N",
						"ServerSLA": "1",
						"MigrationType": "0",
						"MigrationMethod": "0",
						"UnicodeSingleConv": "N",
						"UnicodeMultConv": "N",
						"LTBQuarterlyStartD": "",
						"LTBYearly": "N",
						"LTByearlyStartD": "",
						"HanaScaleOut": "N",
						"DualStackSplit": "N",
						"LineId": "001-008",
						"Stack": "1",
						"AppReleasePatch": "",
						"Kernel": "",
						"OSVersion": "sles12_sp3",
						"DBVersion": "HDB_122_11",
						"PrmiaryHostName": "",
						"MasterNodes": "1",
						"AdditionalNodes": "0",
						"StandbyNodes": "0",
						"LTBMonthlyType": "0",
						"LTBQuarterlyType": "0",
						"LTBYearlyType": "0",
						"HanaEncryption": "N",
						"ExcludeDR": "N",
						"HanaEncryptionVal": "0",
						"HDBAddSchema": "0",
						"AgeStart": "1",
						"AgeEnd": "36",
						"InstanceNum": "",
						"ExpDBGrowth1": "0",
						"ExpDBGrowth2": "0",
						"ExpDBGrowth3": "0",
						"AddStorage4Cust": "0",
						"OsType": "linux",
						"GUID": "6185485B034C6615E1000000C6121CF5",
						"StorageGUID": "6285485B034C6615E1000000C6121CF5",
						"BackupGUID": "6385485B034C6615E1000000C6121CF5",
						"DR_GUID": "6485485B034C6615E1000000C6121CF5",
						"DR_StorageGUID": "6585485B034C6615E1000000C6121CF5",
						"DR_BackupGUID": "6685485B034C6615E1000000C6121CF5",
						"hint_tip": "Backup : GB Backup - weekly full backup 2 weeks retention period,\nApp release Patch : ,\nOs Version : sles12_sp3,\nDB Version : HDB_122_11",
						"UpdateFlag": false,
						"AddLanguages": [],
						"PrimaryLang": "",
						"SecondaryLang": "",
						"AppRelPatchComment": "",
						"DBVersionComment": "",
						"KernelComment": "",
						"SuccessorType": "",
						"LTBType": ""
					}, {
						"Code": "005711-001-001-001-009",
						"ServerType": "HPC.000209",
						"ServerTypeDescr": "HANA-Virtual-256GB, Linux",
						"AppOrDB": "2",
						"StorageSize": "768",
						"StorageType": "HPI.000147",
						"ServerRAM": "256",
						"Backup": "HPI.000145",
						"ComponentTarif": "",
						"Usage": "",
						"LTBMonthly": "N",
						"LTBMonthStartD": "",
						"LTBQuarterly": "N",
						"ServerSLA": "1",
						"MigrationType": "0",
						"MigrationMethod": "0",
						"UnicodeSingleConv": "N",
						"UnicodeMultConv": "N",
						"LTBQuarterlyStartD": "",
						"LTBYearly": "N",
						"LTByearlyStartD": "",
						"HanaScaleOut": "N",
						"DualStackSplit": "N",
						"LineId": "001-009",
						"Stack": "1",
						"AppReleasePatch": "",
						"Kernel": "",
						"OSVersion": "sles12_sp3",
						"DBVersion": "HDB_122_11",
						"PrmiaryHostName": "",
						"MasterNodes": "1",
						"AdditionalNodes": "0",
						"StandbyNodes": "0",
						"LTBMonthlyType": "0",
						"LTBQuarterlyType": "0",
						"LTBYearlyType": "0",
						"HanaEncryption": "N",
						"ExcludeDR": "N",
						"HanaEncryptionVal": "0",
						"HDBAddSchema": "0",
						"AgeStart": "1",
						"AgeEnd": "36",
						"InstanceNum": "",
						"ExpDBGrowth1": "0",
						"ExpDBGrowth2": "0",
						"ExpDBGrowth3": "0",
						"AddStorage4Cust": "0",
						"OsType": "linux",
						"GUID": "6985485B034C6615E1000000C6121CF5",
						"StorageGUID": "6A85485B034C6615E1000000C6121CF5",
						"BackupGUID": "6B85485B034C6615E1000000C6121CF5",
						"DR_GUID": "6C85485B034C6615E1000000C6121CF5",
						"DR_StorageGUID": "6D85485B034C6615E1000000C6121CF5",
						"DR_BackupGUID": "6E85485B034C6615E1000000C6121CF5",
						"hint_tip": "Backup : GB Backup - weekly full backup 2 weeks retention period,\nApp release Patch : ,\nOs Version : sles12_sp3,\nDB Version : HDB_122_11",
						"UpdateFlag": false,
						"AddLanguages": [],
						"PrimaryLang": "",
						"SecondaryLang": "",
						"AppRelPatchComment": "",
						"DBVersionComment": "",
						"KernelComment": "",
						"SuccessorType": "",
						"LTBType": ""
					}, {
						"Code": "005711-001-001-001-010",
						"ServerType": "HPC.000227",
						"ServerTypeDescr": "HANA-Virtual-523GB-AWS, Linux (r4.16xlarge)",
						"AppOrDB": "2",
						"StorageSize": "1464",
						"StorageType": "HPI.000147",
						"ServerRAM": "488",
						"Backup": "HPI.000145",
						"ComponentTarif": "",
						"Usage": "",
						"LTBMonthly": "N",
						"LTBMonthStartD": "",
						"LTBQuarterly": "N",
						"ServerSLA": "1",
						"MigrationType": "0",
						"MigrationMethod": "0",
						"UnicodeSingleConv": "N",
						"UnicodeMultConv": "N",
						"LTBQuarterlyStartD": "",
						"LTBYearly": "N",
						"LTByearlyStartD": "",
						"HanaScaleOut": "N",
						"DualStackSplit": "N",
						"LineId": "001-010",
						"Stack": "1",
						"AppReleasePatch": "",
						"Kernel": "",
						"OSVersion": "sles12_sp3",
						"DBVersion": "HDB_122_11",
						"PrmiaryHostName": "",
						"MasterNodes": "1",
						"AdditionalNodes": "0",
						"StandbyNodes": "0",
						"LTBMonthlyType": "0",
						"LTBQuarterlyType": "0",
						"LTBYearlyType": "0",
						"HanaEncryption": "N",
						"ExcludeDR": "N",
						"HanaEncryptionVal": "0",
						"HDBAddSchema": "0",
						"AgeStart": "1",
						"AgeEnd": "36",
						"InstanceNum": "",
						"ExpDBGrowth1": "0",
						"ExpDBGrowth2": "0",
						"ExpDBGrowth3": "0",
						"AddStorage4Cust": "0",
						"OsType": "linux",
						"GUID": "7185485B034C6615E1000000C6121CF5",
						"StorageGUID": "7285485B034C6615E1000000C6121CF5",
						"BackupGUID": "7385485B034C6615E1000000C6121CF5",
						"DR_GUID": "7485485B034C6615E1000000C6121CF5",
						"DR_StorageGUID": "7585485B034C6615E1000000C6121CF5",
						"DR_BackupGUID": "7685485B034C6615E1000000C6121CF5",
						"hint_tip": "Backup : GB Backup - weekly full backup 2 weeks retention period,\nApp release Patch : ,\nOs Version : sles12_sp3,\nDB Version : HDB_122_11",
						"UpdateFlag": false,
						"AddLanguages": [],
						"PrimaryLang": "",
						"SecondaryLang": "",
						"AppRelPatchComment": "",
						"DBVersionComment": "",
						"KernelComment": "",
						"SuccessorType": "",
						"LTBType": ""
					}, {
						"Code": "005711-001-001-001-011",
						"ServerType": "HPC.000225",
						"ServerTypeDescr": "HANA-Virtual-2095GB-AWS, Linux (x1.32xlarge)",
						"AppOrDB": "2",
						"StorageSize": "5856",
						"StorageType": "HPI.000147",
						"ServerRAM": "1952",
						"Backup": "HPI.000145",
						"ComponentTarif": "",
						"Usage": "",
						"LTBMonthly": "N",
						"LTBMonthStartD": "",
						"LTBQuarterly": "N",
						"ServerSLA": "1",
						"MigrationType": "0",
						"MigrationMethod": "0",
						"UnicodeSingleConv": "N",
						"UnicodeMultConv": "N",
						"LTBQuarterlyStartD": "",
						"LTBYearly": "N",
						"LTByearlyStartD": "",
						"HanaScaleOut": "N",
						"DualStackSplit": "N",
						"LineId": "001-011",
						"Stack": "1",
						"AppReleasePatch": "",
						"Kernel": "",
						"OSVersion": "sles12_sp3",
						"DBVersion": "HDB_122_11",
						"PrmiaryHostName": "",
						"MasterNodes": "1",
						"AdditionalNodes": "0",
						"StandbyNodes": "0",
						"LTBMonthlyType": "0",
						"LTBQuarterlyType": "0",
						"LTBYearlyType": "0",
						"HanaEncryption": "N",
						"ExcludeDR": "N",
						"HanaEncryptionVal": "0",
						"HDBAddSchema": "0",
						"AgeStart": "1",
						"AgeEnd": "36",
						"InstanceNum": "",
						"ExpDBGrowth1": "0",
						"ExpDBGrowth2": "0",
						"ExpDBGrowth3": "0",
						"AddStorage4Cust": "0",
						"OsType": "linux",
						"GUID": "7985485B034C6615E1000000C6121CF5",
						"StorageGUID": "7A85485B034C6615E1000000C6121CF5",
						"BackupGUID": "7B85485B034C6615E1000000C6121CF5",
						"DR_GUID": "7C85485B034C6615E1000000C6121CF5",
						"DR_StorageGUID": "7D85485B034C6615E1000000C6121CF5",
						"DR_BackupGUID": "7E85485B034C6615E1000000C6121CF5",
						"hint_tip": "Backup : GB Backup - weekly full backup 2 weeks retention period,\nApp release Patch : ,\nOs Version : sles12_sp3,\nDB Version : HDB_122_11",
						"UpdateFlag": false,
						"AddLanguages": [],
						"PrimaryLang": "",
						"SecondaryLang": "",
						"AppRelPatchComment": "",
						"DBVersionComment": "",
						"KernelComment": "",
						"SuccessorType": "",
						"LTBType": ""
					}, {
						"Code": "005711-001-001-001-012",
						"ServerType": "HPC.000202",
						"ServerTypeDescr": "HANA-Physical-2TB-Ivy, Linux",
						"AppOrDB": "2",
						"StorageSize": "10",
						"StorageType": "HPI.000147",
						"ServerRAM": "2048",
						"Backup": "HPI.000145",
						"ComponentTarif": "",
						"Usage": "",
						"LTBMonthly": "N",
						"LTBMonthStartD": "",
						"LTBQuarterly": "N",
						"ServerSLA": "1",
						"MigrationType": "0",
						"MigrationMethod": "0",
						"UnicodeSingleConv": "N",
						"UnicodeMultConv": "N",
						"LTBQuarterlyStartD": "",
						"LTBYearly": "N",
						"LTByearlyStartD": "",
						"HanaScaleOut": "N",
						"DualStackSplit": "N",
						"LineId": "001-012",
						"Stack": "1",
						"AppReleasePatch": "",
						"Kernel": "",
						"OSVersion": "sles12_sp3",
						"DBVersion": "HDB_122_11",
						"PrmiaryHostName": "",
						"MasterNodes": "1",
						"AdditionalNodes": "0",
						"StandbyNodes": "0",
						"LTBMonthlyType": "0",
						"LTBQuarterlyType": "0",
						"LTBYearlyType": "0",
						"HanaEncryption": "N",
						"ExcludeDR": "N",
						"HanaEncryptionVal": "0",
						"HDBAddSchema": "0",
						"AgeStart": "1",
						"AgeEnd": "36",
						"InstanceNum": "",
						"ExpDBGrowth1": "0",
						"ExpDBGrowth2": "0",
						"ExpDBGrowth3": "0",
						"AddStorage4Cust": "0",
						"OsType": "linux",
						"GUID": "8185485B034C6615E1000000C6121CF5",
						"StorageGUID": "8285485B034C6615E1000000C6121CF5",
						"BackupGUID": "8385485B034C6615E1000000C6121CF5",
						"DR_GUID": "8485485B034C6615E1000000C6121CF5",
						"DR_StorageGUID": "8585485B034C6615E1000000C6121CF5",
						"DR_BackupGUID": "8685485B034C6615E1000000C6121CF5",
						"hint_tip": "Backup : GB Backup - weekly full backup 2 weeks retention period,\nApp release Patch : ,\nOs Version : sles12_sp3,\nDB Version : HDB_122_11",
						"UpdateFlag": false,
						"AddLanguages": [],
						"PrimaryLang": "",
						"SecondaryLang": "",
						"AppRelPatchComment": "",
						"DBVersionComment": "",
						"KernelComment": "",
						"SuccessorType": "",
						"LTBType": ""
					}, {
						"Code": "005711-001-001-001-013",
						"ServerType": "HPC.000210",
						"ServerTypeDescr": "HANA-Virtual-64GB, Linux",
						"AppOrDB": "2",
						"StorageSize": "192",
						"StorageType": "HPI.000147",
						"ServerRAM": "64",
						"Backup": "HPI.000145",
						"ComponentTarif": "",
						"Usage": "",
						"LTBMonthly": "N",
						"LTBMonthStartD": "",
						"LTBQuarterly": "N",
						"ServerSLA": "1",
						"MigrationType": "0",
						"MigrationMethod": "0",
						"UnicodeSingleConv": "N",
						"UnicodeMultConv": "N",
						"LTBQuarterlyStartD": "",
						"LTBYearly": "N",
						"LTByearlyStartD": "",
						"HanaScaleOut": "N",
						"DualStackSplit": "N",
						"LineId": "001-013",
						"Stack": "1",
						"AppReleasePatch": "",
						"Kernel": "",
						"OSVersion": "sles12_sp3",
						"DBVersion": "HDB_122_11",
						"PrmiaryHostName": "",
						"MasterNodes": "1",
						"AdditionalNodes": "0",
						"StandbyNodes": "0",
						"LTBMonthlyType": "0",
						"LTBQuarterlyType": "0",
						"LTBYearlyType": "0",
						"HanaEncryption": "N",
						"ExcludeDR": "N",
						"HanaEncryptionVal": "0",
						"HDBAddSchema": "0",
						"AgeStart": "1",
						"AgeEnd": "36",
						"InstanceNum": "",
						"ExpDBGrowth1": "0",
						"ExpDBGrowth2": "0",
						"ExpDBGrowth3": "0",
						"AddStorage4Cust": "0",
						"OsType": "linux",
						"GUID": "8985485B034C6615E1000000C6121CF5",
						"StorageGUID": "8A85485B034C6615E1000000C6121CF5",
						"BackupGUID": "8B85485B034C6615E1000000C6121CF5",
						"DR_GUID": "8C85485B034C6615E1000000C6121CF5",
						"DR_StorageGUID": "8D85485B034C6615E1000000C6121CF5",
						"DR_BackupGUID": "8E85485B034C6615E1000000C6121CF5",
						"hint_tip": "Backup : GB Backup - weekly full backup 2 weeks retention period,\nApp release Patch : ,\nOs Version : sles12_sp3,\nDB Version : HDB_122_11",
						"UpdateFlag": false,
						"AddLanguages": [],
						"PrimaryLang": "",
						"SecondaryLang": "",
						"AppRelPatchComment": "",
						"DBVersionComment": "",
						"KernelComment": "",
						"SuccessorType": "",
						"LTBType": ""
					}, {
						"Code": "005711-001-001-001-014",
						"ServerType": "HPC.000199",
						"ServerTypeDescr": "HANA-Virtual-128GB, Linux",
						"AppOrDB": "2",
						"StorageSize": "384",
						"StorageType": "HPI.000147",
						"ServerRAM": "128",
						"Backup": "HPI.000145",
						"ComponentTarif": "",
						"Usage": "",
						"LTBMonthly": "N",
						"LTBMonthStartD": "",
						"LTBQuarterly": "N",
						"ServerSLA": "1",
						"MigrationType": "0",
						"MigrationMethod": "0",
						"UnicodeSingleConv": "N",
						"UnicodeMultConv": "N",
						"LTBQuarterlyStartD": "",
						"LTBYearly": "N",
						"LTByearlyStartD": "",
						"HanaScaleOut": "N",
						"DualStackSplit": "N",
						"LineId": "001-014",
						"Stack": "1",
						"AppReleasePatch": "",
						"Kernel": "",
						"OSVersion": "sles12_sp3",
						"DBVersion": "HDB_122_11",
						"PrmiaryHostName": "",
						"MasterNodes": "1",
						"AdditionalNodes": "0",
						"StandbyNodes": "0",
						"LTBMonthlyType": "0",
						"LTBQuarterlyType": "0",
						"LTBYearlyType": "0",
						"HanaEncryption": "N",
						"ExcludeDR": "N",
						"HanaEncryptionVal": "0",
						"HDBAddSchema": "0",
						"AgeStart": "1",
						"AgeEnd": "36",
						"InstanceNum": "",
						"ExpDBGrowth1": "0",
						"ExpDBGrowth2": "0",
						"ExpDBGrowth3": "0",
						"AddStorage4Cust": "0",
						"OsType": "linux",
						"GUID": "9185485B034C6615E1000000C6121CF5",
						"StorageGUID": "9285485B034C6615E1000000C6121CF5",
						"BackupGUID": "9385485B034C6615E1000000C6121CF5",
						"DR_GUID": "9485485B034C6615E1000000C6121CF5",
						"DR_StorageGUID": "9585485B034C6615E1000000C6121CF5",
						"DR_BackupGUID": "9685485B034C6615E1000000C6121CF5",
						"hint_tip": "Backup : GB Backup - weekly full backup 2 weeks retention period,\nApp release Patch : ,\nOs Version : sles12_sp3,\nDB Version : HDB_122_11",
						"UpdateFlag": false,
						"AddLanguages": [],
						"PrimaryLang": "",
						"SecondaryLang": "",
						"AppRelPatchComment": "",
						"DBVersionComment": "",
						"KernelComment": "",
						"SuccessorType": "",
						"LTBType": ""
					}, {
						"Code": "005711-001-001-001-015",
						"ServerType": "HPC.000227",
						"ServerTypeDescr": "HANA-Virtual-523GB-AWS, Linux (r4.16xlarge)",
						"AppOrDB": "2",
						"StorageSize": "1464",
						"StorageType": "HPI.000147",
						"ServerRAM": "488",
						"Backup": "HPI.000145",
						"ComponentTarif": "",
						"Usage": "",
						"LTBMonthly": "N",
						"LTBMonthStartD": "",
						"LTBQuarterly": "N",
						"ServerSLA": "1",
						"MigrationType": "0",
						"MigrationMethod": "0",
						"UnicodeSingleConv": "N",
						"UnicodeMultConv": "N",
						"LTBQuarterlyStartD": "",
						"LTBYearly": "N",
						"LTByearlyStartD": "",
						"HanaScaleOut": "N",
						"DualStackSplit": "N",
						"LineId": "001-015",
						"Stack": "1",
						"AppReleasePatch": "",
						"Kernel": "",
						"OSVersion": "sles12_sp3",
						"DBVersion": "HDB_122_11",
						"PrmiaryHostName": "",
						"MasterNodes": "1",
						"AdditionalNodes": "0",
						"StandbyNodes": "0",
						"LTBMonthlyType": "0",
						"LTBQuarterlyType": "0",
						"LTBYearlyType": "0",
						"HanaEncryption": "N",
						"ExcludeDR": "N",
						"HanaEncryptionVal": "0",
						"HDBAddSchema": "0",
						"AgeStart": "1",
						"AgeEnd": "36",
						"InstanceNum": "",
						"ExpDBGrowth1": "0",
						"ExpDBGrowth2": "0",
						"ExpDBGrowth3": "0",
						"AddStorage4Cust": "0",
						"OsType": "linux",
						"GUID": "9985485B034C6615E1000000C6121CF5",
						"StorageGUID": "9A85485B034C6615E1000000C6121CF5",
						"BackupGUID": "9B85485B034C6615E1000000C6121CF5",
						"DR_GUID": "9C85485B034C6615E1000000C6121CF5",
						"DR_StorageGUID": "9D85485B034C6615E1000000C6121CF5",
						"DR_BackupGUID": "9E85485B034C6615E1000000C6121CF5",
						"hint_tip": "Backup : GB Backup - weekly full backup 2 weeks retention period,\nApp release Patch : ,\nOs Version : sles12_sp3,\nDB Version : HDB_122_11",
						"UpdateFlag": false,
						"AddLanguages": [],
						"PrimaryLang": "",
						"SecondaryLang": "",
						"AppRelPatchComment": "",
						"DBVersionComment": "",
						"KernelComment": "",
						"SuccessorType": "",
						"LTBType": ""
					}, {
						"Code": "005711-001-001-001-016",
						"ServerType": "HPC.000201",
						"ServerTypeDescr": "Virtual 32 GB, Windows",
						"AppOrDB": "1",
						"StorageSize": "52",
						"StorageType": "HPI.000147",
						"ServerRAM": "32",
						"Backup": "HPI.000145",
						"ComponentTarif": "",
						"Usage": "",
						"LTBMonthly": "N",
						"LTBMonthStartD": "",
						"LTBQuarterly": "N",
						"ServerSLA": "1",
						"MigrationType": "0",
						"MigrationMethod": "0",
						"UnicodeSingleConv": "N",
						"UnicodeMultConv": "N",
						"LTBQuarterlyStartD": "",
						"LTBYearly": "N",
						"LTByearlyStartD": "",
						"HanaScaleOut": "N",
						"DualStackSplit": "N",
						"LineId": "001-016",
						"Stack": "2",
						"AppReleasePatch": "",
						"Kernel": "",
						"OSVersion": "windows2k16",
						"DBVersion": "",
						"PrmiaryHostName": "",
						"MasterNodes": "1",
						"AdditionalNodes": "0",
						"StandbyNodes": "0",
						"LTBMonthlyType": "0",
						"LTBQuarterlyType": "0",
						"LTBYearlyType": "0",
						"HanaEncryption": "N",
						"ExcludeDR": "N",
						"HanaEncryptionVal": "0",
						"HDBAddSchema": "0",
						"AgeStart": "1",
						"AgeEnd": "36",
						"InstanceNum": "",
						"ExpDBGrowth1": "0",
						"ExpDBGrowth2": "0",
						"ExpDBGrowth3": "0",
						"AddStorage4Cust": "0",
						"OsType": "windows",
						"GUID": "A185485B034C6615E1000000C6121CF5",
						"StorageGUID": "A285485B034C6615E1000000C6121CF5",
						"BackupGUID": "A385485B034C6615E1000000C6121CF5",
						"DR_GUID": "A485485B034C6615E1000000C6121CF5",
						"DR_StorageGUID": "A585485B034C6615E1000000C6121CF5",
						"DR_BackupGUID": "A685485B034C6615E1000000C6121CF5",
						"hint_tip": "Backup : GB Backup - weekly full backup 2 weeks retention period,\nApp release Patch : ,\nOs Version : windows2k16,\nDB Version : ",
						"UpdateFlag": false,
						"AddLanguages": [],
						"PrimaryLang": "",
						"SecondaryLang": "",
						"AppRelPatchComment": "",
						"DBVersionComment": "",
						"KernelComment": "",
						"SuccessorType": "",
						"LTBType": ""
					}, {
						"Code": "005711-001-001-001-017",
						"ServerType": "HPC.000205",
						"ServerTypeDescr": "Virtual 64 GB, Windows",
						"AppOrDB": "1",
						"StorageSize": "100",
						"StorageType": "HPI.000147",
						"ServerRAM": "64",
						"Backup": "HPI.000145",
						"ComponentTarif": "",
						"Usage": "",
						"LTBMonthly": "N",
						"LTBMonthStartD": "",
						"LTBQuarterly": "N",
						"ServerSLA": "1",
						"MigrationType": "0",
						"MigrationMethod": "0",
						"UnicodeSingleConv": "N",
						"UnicodeMultConv": "N",
						"LTBQuarterlyStartD": "",
						"LTBYearly": "N",
						"LTByearlyStartD": "",
						"HanaScaleOut": "N",
						"DualStackSplit": "N",
						"LineId": "001-017",
						"Stack": "2",
						"AppReleasePatch": "",
						"Kernel": "",
						"OSVersion": "windows2k16",
						"DBVersion": "",
						"PrmiaryHostName": "",
						"MasterNodes": "1",
						"AdditionalNodes": "0",
						"StandbyNodes": "0",
						"LTBMonthlyType": "0",
						"LTBQuarterlyType": "0",
						"LTBYearlyType": "0",
						"HanaEncryption": "N",
						"ExcludeDR": "N",
						"HanaEncryptionVal": "0",
						"HDBAddSchema": "0",
						"AgeStart": "1",
						"AgeEnd": "36",
						"InstanceNum": "",
						"ExpDBGrowth1": "0",
						"ExpDBGrowth2": "0",
						"ExpDBGrowth3": "0",
						"AddStorage4Cust": "0",
						"OsType": "windows",
						"GUID": "A985485B034C6615E1000000C6121CF5",
						"StorageGUID": "AA85485B034C6615E1000000C6121CF5",
						"BackupGUID": "AB85485B034C6615E1000000C6121CF5",
						"DR_GUID": "AC85485B034C6615E1000000C6121CF5",
						"DR_StorageGUID": "AD85485B034C6615E1000000C6121CF5",
						"DR_BackupGUID": "AE85485B034C6615E1000000C6121CF5",
						"hint_tip": "Backup : GB Backup - weekly full backup 2 weeks retention period,\nApp release Patch : ,\nOs Version : windows2k16,\nDB Version : ",
						"UpdateFlag": false,
						"AddLanguages": [],
						"PrimaryLang": "",
						"SecondaryLang": "",
						"AppRelPatchComment": "",
						"DBVersionComment": "",
						"KernelComment": "",
						"SuccessorType": "",
						"LTBType": ""
					}, {
						"Code": "005711-001-001-001-018",
						"ServerType": "HPC.000228",
						"ServerTypeDescr": "Virtual-130GB-AWS, Windows",
						"AppOrDB": "1",
						"StorageSize": "0",
						"StorageType": "HPI.000147",
						"ServerRAM": "0",
						"Backup": "HPI.000145",
						"ComponentTarif": "",
						"Usage": "",
						"LTBMonthly": "N",
						"LTBMonthStartD": "",
						"LTBQuarterly": "N",
						"ServerSLA": "1",
						"MigrationType": "0",
						"MigrationMethod": "0",
						"UnicodeSingleConv": "N",
						"UnicodeMultConv": "N",
						"LTBQuarterlyStartD": "",
						"LTBYearly": "N",
						"LTByearlyStartD": "",
						"HanaScaleOut": "N",
						"DualStackSplit": "N",
						"LineId": "001-018",
						"Stack": "2",
						"AppReleasePatch": "",
						"Kernel": "",
						"OSVersion": "windows2k16",
						"DBVersion": "",
						"PrmiaryHostName": "",
						"MasterNodes": "1",
						"AdditionalNodes": "0",
						"StandbyNodes": "0",
						"LTBMonthlyType": "0",
						"LTBQuarterlyType": "0",
						"LTBYearlyType": "0",
						"HanaEncryption": "N",
						"ExcludeDR": "N",
						"HanaEncryptionVal": "0",
						"HDBAddSchema": "0",
						"AgeStart": "1",
						"AgeEnd": "36",
						"InstanceNum": "",
						"ExpDBGrowth1": "0",
						"ExpDBGrowth2": "0",
						"ExpDBGrowth3": "0",
						"AddStorage4Cust": "0",
						"OsType": "windows",
						"GUID": "B185485B034C6615E1000000C6121CF5",
						"StorageGUID": "B285485B034C6615E1000000C6121CF5",
						"BackupGUID": "B385485B034C6615E1000000C6121CF5",
						"DR_GUID": "B485485B034C6615E1000000C6121CF5",
						"DR_StorageGUID": "B585485B034C6615E1000000C6121CF5",
						"DR_BackupGUID": "B685485B034C6615E1000000C6121CF5",
						"hint_tip": "Backup : GB Backup - weekly full backup 2 weeks retention period,\nApp release Patch : ,\nOs Version : windows2k16,\nDB Version : ",
						"UpdateFlag": false,
						"AddLanguages": [],
						"PrimaryLang": "",
						"SecondaryLang": "",
						"AppRelPatchComment": "",
						"DBVersionComment": "",
						"KernelComment": "",
						"SuccessorType": "",
						"LTBType": ""
					}, {
						"Code": "005711-001-001-001-019",
						"ServerType": "HPC.000195",
						"ServerTypeDescr": "Virtual 64 GB, Linux",
						"AppOrDB": "1",
						"StorageSize": "100",
						"StorageType": "HPI.000147",
						"ServerRAM": "64",
						"Backup": "HPI.000145",
						"ComponentTarif": "",
						"Usage": "",
						"LTBMonthly": "N",
						"LTBMonthStartD": "",
						"LTBQuarterly": "N",
						"ServerSLA": "1",
						"MigrationType": "0",
						"MigrationMethod": "0",
						"UnicodeSingleConv": "N",
						"UnicodeMultConv": "N",
						"LTBQuarterlyStartD": "",
						"LTBYearly": "N",
						"LTByearlyStartD": "",
						"HanaScaleOut": "N",
						"DualStackSplit": "N",
						"LineId": "001-019",
						"Stack": "2",
						"AppReleasePatch": "",
						"Kernel": "",
						"OSVersion": "sles12_sp3",
						"DBVersion": "",
						"PrmiaryHostName": "",
						"MasterNodes": "1",
						"AdditionalNodes": "0",
						"StandbyNodes": "0",
						"LTBMonthlyType": "0",
						"LTBQuarterlyType": "0",
						"LTBYearlyType": "0",
						"HanaEncryption": "N",
						"ExcludeDR": "N",
						"HanaEncryptionVal": "0",
						"HDBAddSchema": "0",
						"AgeStart": "1",
						"AgeEnd": "36",
						"InstanceNum": "",
						"ExpDBGrowth1": "0",
						"ExpDBGrowth2": "0",
						"ExpDBGrowth3": "0",
						"AddStorage4Cust": "0",
						"OsType": "linux",
						"GUID": "B985485B034C6615E1000000C6121CF5",
						"StorageGUID": "BA85485B034C6615E1000000C6121CF5",
						"BackupGUID": "BB85485B034C6615E1000000C6121CF5",
						"DR_GUID": "BC85485B034C6615E1000000C6121CF5",
						"DR_StorageGUID": "BD85485B034C6615E1000000C6121CF5",
						"DR_BackupGUID": "BE85485B034C6615E1000000C6121CF5",
						"hint_tip": "Backup : GB Backup - weekly full backup 2 weeks retention period,\nApp release Patch : ,\nOs Version : sles12_sp3,\nDB Version : ",
						"UpdateFlag": false,
						"AddLanguages": [],
						"PrimaryLang": "",
						"SecondaryLang": "",
						"AppRelPatchComment": "",
						"DBVersionComment": "",
						"KernelComment": "",
						"SuccessorType": "",
						"LTBType": ""
					}, {
						"Code": "005711-001-001-001-020",
						"ServerType": "HPC.000196",
						"ServerTypeDescr": "Virtual 32 GB, Linux",
						"AppOrDB": "1",
						"StorageSize": "100",
						"StorageType": "HPI.000147",
						"ServerRAM": "32",
						"Backup": "HPI.000145",
						"ComponentTarif": "",
						"Usage": "",
						"LTBMonthly": "N",
						"LTBMonthStartD": "",
						"LTBQuarterly": "N",
						"ServerSLA": "1",
						"MigrationType": "0",
						"MigrationMethod": "0",
						"UnicodeSingleConv": "N",
						"UnicodeMultConv": "N",
						"LTBQuarterlyStartD": "",
						"LTBYearly": "N",
						"LTByearlyStartD": "",
						"HanaScaleOut": "N",
						"DualStackSplit": "N",
						"LineId": "001-020",
						"Stack": "2",
						"AppReleasePatch": "",
						"Kernel": "",
						"OSVersion": "sles12_sp3",
						"DBVersion": "",
						"PrmiaryHostName": "",
						"MasterNodes": "1",
						"AdditionalNodes": "0",
						"StandbyNodes": "0",
						"LTBMonthlyType": "0",
						"LTBQuarterlyType": "0",
						"LTBYearlyType": "0",
						"HanaEncryption": "N",
						"ExcludeDR": "N",
						"HanaEncryptionVal": "0",
						"HDBAddSchema": "0",
						"AgeStart": "1",
						"AgeEnd": "36",
						"InstanceNum": "",
						"ExpDBGrowth1": "0",
						"ExpDBGrowth2": "0",
						"ExpDBGrowth3": "0",
						"AddStorage4Cust": "0",
						"OsType": "linux",
						"GUID": "C185485B034C6615E1000000C6121CF5",
						"StorageGUID": "C285485B034C6615E1000000C6121CF5",
						"BackupGUID": "C385485B034C6615E1000000C6121CF5",
						"DR_GUID": "C485485B034C6615E1000000C6121CF5",
						"DR_StorageGUID": "C585485B034C6615E1000000C6121CF5",
						"DR_BackupGUID": "C685485B034C6615E1000000C6121CF5",
						"hint_tip": "Backup : GB Backup - weekly full backup 2 weeks retention period,\nApp release Patch : ,\nOs Version : sles12_sp3,\nDB Version : ",
						"UpdateFlag": false,
						"AddLanguages": [],
						"PrimaryLang": "",
						"SecondaryLang": "",
						"AppRelPatchComment": "",
						"DBVersionComment": "",
						"KernelComment": "",
						"SuccessorType": "",
						"LTBType": ""
					}, {
						"Code": "005711-001-001-001-021",
						"ServerType": "HPC.000228",
						"ServerTypeDescr": "Virtual-130GB-AWS, Windows",
						"AppOrDB": "1",
						"StorageSize": "0",
						"StorageType": "HPI.000147",
						"ServerRAM": "0",
						"Backup": "HPI.000145",
						"ComponentTarif": "",
						"Usage": "",
						"LTBMonthly": "N",
						"LTBMonthStartD": "",
						"LTBQuarterly": "N",
						"ServerSLA": "1",
						"MigrationType": "0",
						"MigrationMethod": "0",
						"UnicodeSingleConv": "N",
						"UnicodeMultConv": "N",
						"LTBQuarterlyStartD": "",
						"LTBYearly": "N",
						"LTByearlyStartD": "",
						"HanaScaleOut": "N",
						"DualStackSplit": "N",
						"LineId": "001-021",
						"Stack": "2",
						"AppReleasePatch": "",
						"Kernel": "",
						"OSVersion": "windows2k16",
						"DBVersion": "",
						"PrmiaryHostName": "",
						"MasterNodes": "1",
						"AdditionalNodes": "0",
						"StandbyNodes": "0",
						"LTBMonthlyType": "0",
						"LTBQuarterlyType": "0",
						"LTBYearlyType": "0",
						"HanaEncryption": "N",
						"ExcludeDR": "N",
						"HanaEncryptionVal": "0",
						"HDBAddSchema": "0",
						"AgeStart": "1",
						"AgeEnd": "36",
						"InstanceNum": "",
						"ExpDBGrowth1": "0",
						"ExpDBGrowth2": "0",
						"ExpDBGrowth3": "0",
						"AddStorage4Cust": "0",
						"OsType": "windows",
						"GUID": "C985485B034C6615E1000000C6121CF5",
						"StorageGUID": "CA85485B034C6615E1000000C6121CF5",
						"BackupGUID": "CB85485B034C6615E1000000C6121CF5",
						"DR_GUID": "CC85485B034C6615E1000000C6121CF5",
						"DR_StorageGUID": "CD85485B034C6615E1000000C6121CF5",
						"DR_BackupGUID": "CE85485B034C6615E1000000C6121CF5",
						"hint_tip": "Backup : GB Backup - weekly full backup 2 weeks retention period,\nApp release Patch : ,\nOs Version : windows2k16,\nDB Version : ",
						"UpdateFlag": false,
						"AddLanguages": [],
						"PrimaryLang": "",
						"SecondaryLang": "",
						"AppRelPatchComment": "",
						"DBVersionComment": "",
						"KernelComment": "",
						"SuccessorType": "",
						"LTBType": ""
					}, {
						"Code": "005711-001-001-001-022",
						"ServerType": "HPC.000201",
						"ServerTypeDescr": "Virtual 32 GB, Windows",
						"AppOrDB": "1",
						"StorageSize": "52",
						"StorageType": "HPI.000147",
						"ServerRAM": "32",
						"Backup": "HPI.000145",
						"ComponentTarif": "",
						"Usage": "",
						"LTBMonthly": "N",
						"LTBMonthStartD": "",
						"LTBQuarterly": "N",
						"ServerSLA": "1",
						"MigrationType": "0",
						"MigrationMethod": "0",
						"UnicodeSingleConv": "N",
						"UnicodeMultConv": "N",
						"LTBQuarterlyStartD": "",
						"LTBYearly": "N",
						"LTByearlyStartD": "",
						"HanaScaleOut": "N",
						"DualStackSplit": "N",
						"LineId": "001-022",
						"Stack": "2",
						"AppReleasePatch": "",
						"Kernel": "",
						"OSVersion": "windows2k16",
						"DBVersion": "",
						"PrmiaryHostName": "",
						"MasterNodes": "1",
						"AdditionalNodes": "0",
						"StandbyNodes": "0",
						"LTBMonthlyType": "0",
						"LTBQuarterlyType": "0",
						"LTBYearlyType": "0",
						"HanaEncryption": "N",
						"ExcludeDR": "N",
						"HanaEncryptionVal": "0",
						"HDBAddSchema": "0",
						"AgeStart": "1",
						"AgeEnd": "36",
						"InstanceNum": "",
						"ExpDBGrowth1": "0",
						"ExpDBGrowth2": "0",
						"ExpDBGrowth3": "0",
						"AddStorage4Cust": "0",
						"OsType": "windows",
						"GUID": "D185485B034C6615E1000000C6121CF5",
						"StorageGUID": "D285485B034C6615E1000000C6121CF5",
						"BackupGUID": "D385485B034C6615E1000000C6121CF5",
						"DR_GUID": "D485485B034C6615E1000000C6121CF5",
						"DR_StorageGUID": "D585485B034C6615E1000000C6121CF5",
						"DR_BackupGUID": "D685485B034C6615E1000000C6121CF5",
						"hint_tip": "Backup : GB Backup - weekly full backup 2 weeks retention period,\nApp release Patch : ,\nOs Version : windows2k16,\nDB Version : ",
						"UpdateFlag": false,
						"AddLanguages": [],
						"PrimaryLang": "",
						"SecondaryLang": "",
						"AppRelPatchComment": "",
						"DBVersionComment": "",
						"KernelComment": "",
						"SuccessorType": "",
						"LTBType": ""
					}, {
						"Code": "005711-001-001-001-023",
						"ServerType": "HPC.000205",
						"ServerTypeDescr": "Virtual 64 GB, Windows",
						"AppOrDB": "1",
						"StorageSize": "100",
						"StorageType": "HPI.000147",
						"ServerRAM": "64",
						"Backup": "HPI.000145",
						"ComponentTarif": "",
						"Usage": "",
						"LTBMonthly": "N",
						"LTBMonthStartD": "",
						"LTBQuarterly": "N",
						"ServerSLA": "1",
						"MigrationType": "0",
						"MigrationMethod": "0",
						"UnicodeSingleConv": "N",
						"UnicodeMultConv": "N",
						"LTBQuarterlyStartD": "",
						"LTBYearly": "N",
						"LTByearlyStartD": "",
						"HanaScaleOut": "N",
						"DualStackSplit": "N",
						"LineId": "001-023",
						"Stack": "2",
						"AppReleasePatch": "",
						"Kernel": "",
						"OSVersion": "windows2k16",
						"DBVersion": "",
						"PrmiaryHostName": "",
						"MasterNodes": "1",
						"AdditionalNodes": "0",
						"StandbyNodes": "0",
						"LTBMonthlyType": "0",
						"LTBQuarterlyType": "0",
						"LTBYearlyType": "0",
						"HanaEncryption": "N",
						"ExcludeDR": "N",
						"HanaEncryptionVal": "0",
						"HDBAddSchema": "0",
						"AgeStart": "1",
						"AgeEnd": "36",
						"InstanceNum": "",
						"ExpDBGrowth1": "0",
						"ExpDBGrowth2": "0",
						"ExpDBGrowth3": "0",
						"AddStorage4Cust": "0",
						"OsType": "windows",
						"GUID": "D985485B034C6615E1000000C6121CF5",
						"StorageGUID": "DA85485B034C6615E1000000C6121CF5",
						"BackupGUID": "DB85485B034C6615E1000000C6121CF5",
						"DR_GUID": "DC85485B034C6615E1000000C6121CF5",
						"DR_StorageGUID": "DD85485B034C6615E1000000C6121CF5",
						"DR_BackupGUID": "DE85485B034C6615E1000000C6121CF5",
						"hint_tip": "Backup : GB Backup - weekly full backup 2 weeks retention period,\nApp release Patch : ,\nOs Version : windows2k16,\nDB Version : ",
						"UpdateFlag": false,
						"AddLanguages": [],
						"PrimaryLang": "",
						"SecondaryLang": "",
						"AppRelPatchComment": "",
						"DBVersionComment": "",
						"KernelComment": "",
						"SuccessorType": "",
						"LTBType": ""
					}, {
						"Code": "005711-001-001-001-024",
						"ServerType": "HPC.000201",
						"ServerTypeDescr": "Virtual 32 GB, Windows",
						"AppOrDB": "1",
						"StorageSize": "52",
						"StorageType": "HPI.000147",
						"ServerRAM": "32",
						"Backup": "HPI.000145",
						"ComponentTarif": "",
						"Usage": "",
						"LTBMonthly": "N",
						"LTBMonthStartD": "",
						"LTBQuarterly": "N",
						"ServerSLA": "1",
						"MigrationType": "0",
						"MigrationMethod": "0",
						"UnicodeSingleConv": "N",
						"UnicodeMultConv": "N",
						"LTBQuarterlyStartD": "",
						"LTBYearly": "N",
						"LTByearlyStartD": "",
						"HanaScaleOut": "N",
						"DualStackSplit": "N",
						"LineId": "001-024",
						"Stack": "2",
						"AppReleasePatch": "",
						"Kernel": "",
						"OSVersion": "windows2k16",
						"DBVersion": "",
						"PrmiaryHostName": "",
						"MasterNodes": "1",
						"AdditionalNodes": "0",
						"StandbyNodes": "0",
						"LTBMonthlyType": "0",
						"LTBQuarterlyType": "0",
						"LTBYearlyType": "0",
						"HanaEncryption": "N",
						"ExcludeDR": "N",
						"HanaEncryptionVal": "0",
						"HDBAddSchema": "0",
						"AgeStart": "1",
						"AgeEnd": "36",
						"InstanceNum": "",
						"ExpDBGrowth1": "0",
						"ExpDBGrowth2": "0",
						"ExpDBGrowth3": "0",
						"AddStorage4Cust": "0",
						"OsType": "windows",
						"GUID": "E185485B034C6615E1000000C6121CF5",
						"StorageGUID": "E285485B034C6615E1000000C6121CF5",
						"BackupGUID": "E385485B034C6615E1000000C6121CF5",
						"DR_GUID": "E485485B034C6615E1000000C6121CF5",
						"DR_StorageGUID": "E585485B034C6615E1000000C6121CF5",
						"DR_BackupGUID": "E685485B034C6615E1000000C6121CF5",
						"hint_tip": "Backup : GB Backup - weekly full backup 2 weeks retention period,\nApp release Patch : ,\nOs Version : windows2k16,\nDB Version : ",
						"UpdateFlag": false,
						"AddLanguages": [],
						"PrimaryLang": "",
						"SecondaryLang": "",
						"AppRelPatchComment": "",
						"DBVersionComment": "",
						"KernelComment": "",
						"SuccessorType": "",
						"LTBType": ""
					}]
				}],
				"landscapeImageHtml": "<tr><td rowspan=\"24\" align=\"center\"><img src=\"proxy/qaKernel/QAPT_UploadHOCustomDoc.xsjs?UserCode=C5235192&IMAGE_MODE=Y&DOCID=LANDSCAPE_IMAGE_SOLUTION\"><br/>SAP ERP</td><td rowspan=\"24\" align=\"center\"><img src=\"proxy/qaKernel/QAPT_UploadHOCustomDoc.xsjs?UserCode=C5235192&IMAGE_MODE=Y&DOCID=LANDSCAPE_IMAGE_SOLUTION\"><br/>DEV()</td><td align=\"center\"><img src=\"proxy/qaKernel/QAPT_UploadHOCustomDoc.xsjs?UserCode=C5235192&IMAGE_MODE=Y&DOCID=LANDSCAPE_IMAGE_HDB_SERVER\"><br/>Virtual 32 GB, Linux</td></tr><tr><td align=\"center\"><img src=\"proxy/qaKernel/QAPT_UploadHOCustomDoc.xsjs?UserCode=C5235192&IMAGE_MODE=Y&DOCID=LANDSCAPE_IMAGE_HDB_SERVER\"><br/>Virtual 64 GB, Linux</td></tr><tr><td align=\"center\"><img src=\"proxy/qaKernel/QAPT_UploadHOCustomDoc.xsjs?UserCode=C5235192&IMAGE_MODE=Y&DOCID=LANDSCAPE_IMAGE_HDB_SERVER\"><br/>Virtual-130GB-AWS, Windows</td></tr><tr><td align=\"center\"><img src=\"proxy/qaKernel/QAPT_UploadHOCustomDoc.xsjs?UserCode=C5235192&IMAGE_MODE=Y&DOCID=LANDSCAPE_IMAGE_HDB_SERVER\"><br/>Virtual 32 GB, Windows</td></tr><tr><td align=\"center\"><img src=\"proxy/qaKernel/QAPT_UploadHOCustomDoc.xsjs?UserCode=C5235192&IMAGE_MODE=Y&DOCID=LANDSCAPE_IMAGE_HDB_SERVER\"><br/>Virtual 64 GB, Windows</td></tr><tr><td align=\"center\"><img src=\"proxy/qaKernel/QAPT_UploadHOCustomDoc.xsjs?UserCode=C5235192&IMAGE_MODE=Y&DOCID=LANDSCAPE_IMAGE_HDB_SERVER\"><br/>HANA-Virtual-65GB-AWS, Linux (r4.2xlarge/r3.2xlarge)</td></tr><tr><td align=\"center\"><img src=\"proxy/qaKernel/QAPT_UploadHOCustomDoc.xsjs?UserCode=C5235192&IMAGE_MODE=Y&DOCID=LANDSCAPE_IMAGE_HDB_SERVER\"><br/>HANA-Virtual-64GB, Linux</td></tr><tr><td align=\"center\"><img src=\"proxy/qaKernel/QAPT_UploadHOCustomDoc.xsjs?UserCode=C5235192&IMAGE_MODE=Y&DOCID=LANDSCAPE_IMAGE_HDB_SERVER\"><br/>HANA-Virtual-128GB, Linux</td></tr><tr><td align=\"center\"><img src=\"proxy/qaKernel/QAPT_UploadHOCustomDoc.xsjs?UserCode=C5235192&IMAGE_MODE=Y&DOCID=LANDSCAPE_IMAGE_HDB_SERVER\"><br/>HANA-Virtual-256GB, Linux</td></tr><tr><td align=\"center\"><img src=\"proxy/qaKernel/QAPT_UploadHOCustomDoc.xsjs?UserCode=C5235192&IMAGE_MODE=Y&DOCID=LANDSCAPE_IMAGE_HDB_SERVER\"><br/>HANA-Virtual-523GB-AWS, Linux (r4.16xlarge)</td></tr><tr><td align=\"center\"><img src=\"proxy/qaKernel/QAPT_UploadHOCustomDoc.xsjs?UserCode=C5235192&IMAGE_MODE=Y&DOCID=LANDSCAPE_IMAGE_HDB_SERVER\"><br/>HANA-Virtual-2095GB-AWS, Linux (x1.32xlarge)</td></tr><tr><td align=\"center\"><img src=\"proxy/qaKernel/QAPT_UploadHOCustomDoc.xsjs?UserCode=C5235192&IMAGE_MODE=Y&DOCID=LANDSCAPE_IMAGE_HDB_SERVER\"><br/>HANA-Physical-2TB-Ivy, Linux</td></tr><tr><td align=\"center\"><img src=\"proxy/qaKernel/QAPT_UploadHOCustomDoc.xsjs?UserCode=C5235192&IMAGE_MODE=Y&DOCID=LANDSCAPE_IMAGE_HDB_SERVER\"><br/>HANA-Virtual-64GB, Linux</td></tr><tr><td align=\"center\"><img src=\"proxy/qaKernel/QAPT_UploadHOCustomDoc.xsjs?UserCode=C5235192&IMAGE_MODE=Y&DOCID=LANDSCAPE_IMAGE_HDB_SERVER\"><br/>HANA-Virtual-128GB, Linux</td></tr><tr><td align=\"center\"><img src=\"proxy/qaKernel/QAPT_UploadHOCustomDoc.xsjs?UserCode=C5235192&IMAGE_MODE=Y&DOCID=LANDSCAPE_IMAGE_HDB_SERVER\"><br/>HANA-Virtual-523GB-AWS, Linux (r4.16xlarge)</td></tr><tr><td align=\"center\"><img src=\"proxy/qaKernel/QAPT_UploadHOCustomDoc.xsjs?UserCode=C5235192&IMAGE_MODE=Y&DOCID=LANDSCAPE_IMAGE_HDB_SERVER\"><br/>Virtual 32 GB, Windows</td></tr><tr><td align=\"center\"><img src=\"proxy/qaKernel/QAPT_UploadHOCustomDoc.xsjs?UserCode=C5235192&IMAGE_MODE=Y&DOCID=LANDSCAPE_IMAGE_HDB_SERVER\"><br/>Virtual 64 GB, Windows</td></tr><tr><td align=\"center\"><img src=\"proxy/qaKernel/QAPT_UploadHOCustomDoc.xsjs?UserCode=C5235192&IMAGE_MODE=Y&DOCID=LANDSCAPE_IMAGE_HDB_SERVER\"><br/>Virtual-130GB-AWS, Windows</td></tr><tr><td align=\"center\"><img src=\"proxy/qaKernel/QAPT_UploadHOCustomDoc.xsjs?UserCode=C5235192&IMAGE_MODE=Y&DOCID=LANDSCAPE_IMAGE_HDB_SERVER\"><br/>Virtual 64 GB, Linux</td></tr><tr><td align=\"center\"><img src=\"proxy/qaKernel/QAPT_UploadHOCustomDoc.xsjs?UserCode=C5235192&IMAGE_MODE=Y&DOCID=LANDSCAPE_IMAGE_HDB_SERVER\"><br/>Virtual 32 GB, Linux</td></tr><tr><td align=\"center\"><img src=\"proxy/qaKernel/QAPT_UploadHOCustomDoc.xsjs?UserCode=C5235192&IMAGE_MODE=Y&DOCID=LANDSCAPE_IMAGE_HDB_SERVER\"><br/>Virtual-130GB-AWS, Windows</td></tr><tr><td align=\"center\"><img src=\"proxy/qaKernel/QAPT_UploadHOCustomDoc.xsjs?UserCode=C5235192&IMAGE_MODE=Y&DOCID=LANDSCAPE_IMAGE_HDB_SERVER\"><br/>Virtual 32 GB, Windows</td></tr><tr><td align=\"center\"><img src=\"proxy/qaKernel/QAPT_UploadHOCustomDoc.xsjs?UserCode=C5235192&IMAGE_MODE=Y&DOCID=LANDSCAPE_IMAGE_HDB_SERVER\"><br/>Virtual 64 GB, Windows</td></tr><tr><td align=\"center\"><img src=\"proxy/qaKernel/QAPT_UploadHOCustomDoc.xsjs?UserCode=C5235192&IMAGE_MODE=Y&DOCID=LANDSCAPE_IMAGE_HDB_SERVER\"><br/>Virtual 32 GB, Windows</td></tr>",
				"EditProperty": false,
				"UpdateFlag": false,
				"Lname": "SAP ERP",
				"CRBasisSolution": false,
				"MaintPlanID": "",
				"MaintPlanName": "",
				"AddLanguages": [],
				"PrimaryLang": "",
				"SecondaryLang": "",
				"flagInstallationNo": true,
				"LBSolution": "Y",
				"LD_GxP": "N",
				"LD_MachineType": "",
				"LD_MigrationScenario": "5",
				"LD_Phase": "1",
				"BW_Configuration": "N",
				"EditMigrationScenario": false
			}, {
				"Code": "005711-001-002",
				"ImplementationType": "Greenfield",
				"ImplementationTypeDescr": "Greenfield",
				"Usage": "",
				"SolutionProduct": "HSO.000003",
				"SolutionProductDesc": "HANA datamart",
				"DBType": "HDB",
				"DBTypeDescr": "HANA",
				"LineId": "001-002",
				"VersionId": "1",
				"Sequence": "2",
				"GUID": "E985485B034C6615E1000000C6121CF5",
				"LD_NumOfTiers": "0",
				"LD_TierDetails": "",
				"LD_Uncompressed_DB": "0",
				"LD_ConcurrentUsers": "0",
				"LD_BandwidthReq": "U",
				"LD_DR": "N",
				"LD_ProdLandscape": "N",
				"IsMDCHANA": "N",
				"hint_tip": "Tiers : PROD (8 Servers)",
				"Addons": [],
				"LD_TshirtSuggested": "dummy t-shirt XXL ",
				"LD_IndicativePricingPPTLink": "https://mdocs.sap.com/mcm/browser/v1/open?rep=share&obj=pvHoa7NUiJ2yANnF5UH1MJyo5IGrXcAOMSSwLr2KM_A",
				"LD_IndicativePricingPPTLabel": "View indicative Price PPT",
				"LD_IndicativePricingPPTVisible": true,
				"LD_SolCaseType": "Not all fields are filled",
				"SolInstNum": "",
				"LicenseKey": "",
				"SolutionSLA": "0",
				"DBVersion": "",
				"DBVersionComment": "",
				"AppReleasePatch": "",
				"AppRelPatchComment": "",
				"Kernel": "",
				"KernelComment": "",
				"Tiers": [{
					"Code": "005711-001-002-001",
					"TierType": "PROD",
					"PhaseNumber": "1",
					"SID": "",
					"AmsSupport": "N",
					"AmsSupportPackage": "0",
					"AmsSupportPackageDesc": "",
					"AMSSupportPeriod": "0",
					"LineId": "002-001",
					"IncludeDR": "N",
					"ResponsibleCTC": "",
					"ResponsibleCTCName": "",
					"Comment": "",
					"TierSLA": "3",
					"CDD": "Not Available",
					"GXPRequired": "N",
					"CustomerClientNo": "",
					"HECInstNo": "",
					"SecondaryDC": "",
					"TypeOfSizing": "1",
					"SizingRemarks": "",
					"FinancialRelevance": "N",
					"CustomerDiscussion": "N",
					"LoadBalancerReq": "N",
					"GUID": "EC85485B034C6615E1000000C6121CF5",
					"DR_GUID": "ED85485B034C6615E1000000C6121CF5",
					"LBRegion": "1",
					"LBInboundTraffic": "0",
					"LBOutboundtraffic": "0",
					"SE_ApprTicketNo": "",
					"PrimaryDC": "02",
					"NumDsRepository": "",
					"NONProdSupport": "N",
					"DBVersion": "",
					"DBVersionComment": "",
					"UseMDCHANA": "N",
					"MDCHANASystem": "",
					"DBSID": "",
					"UnchangedDBSID": "",
					"HIPAA": "N",
					"CustClientComment": "",
					"UpdateFlag": false,
					"MDCEnabled": false,
					"DBSIDEnabled": false,
					"Lname": "PROD",
					"DB_HA": "N",
					"DB_HA_OperMode": null,
					"DB_Encryption": "N",
					"AppReleasePatch": "",
					"AppRelPatchComment": "",
					"Kernel": "",
					"KernelComment": "",
					"ImplementationType": "Greenfield",
					"RTOValue": "",
					"BWRelatedBasicConfiguration": "N",
					"flagInstallationNo": true,
					"hint_tip": "Addons : 0,\nGxP : N,\nFinanacial Relevant : N,\nDiscussed with Customer : N,\nResponsible CTC :  (),\nNum of Servers : 8,\nServer List : Virtual 64 GB, Linux (APP),\n\t\tVirtual 32 GB, Linux (APP),\n\t\tHANA-Virtual-128GB, Linux (DB),\n\t\tVirtual 32 GB, Windows (APP),\n\t\tVirtual 64 GB, Windows (APP),\n\t\tHANA-Virtual-256GB, Linux (DB),\n\t\tHANA-Virtual-65GB-AWS, Linux (r4.2xlarge/r3.2xlarge) (DB),\n\t\tVirtual-130GB-AWS, Windows (APP)",
					"Addons": [],
					"Servers": [{
						"Code": "005711-001-002-001-001",
						"ServerType": "HPC.000196",
						"ServerTypeDescr": "Virtual 32 GB, Linux",
						"AppOrDB": "1",
						"StorageSize": "100",
						"StorageType": "HPI.000147",
						"ServerRAM": "32",
						"Backup": "HPI.000146",
						"ComponentTarif": "",
						"Usage": "",
						"LTBMonthly": "N",
						"LTBMonthStartD": "",
						"LTBQuarterly": "N",
						"ServerSLA": "3",
						"MigrationType": "0",
						"MigrationMethod": "0",
						"UnicodeSingleConv": "N",
						"UnicodeMultConv": "N",
						"LTBQuarterlyStartD": "",
						"LTBYearly": "N",
						"LTByearlyStartD": "",
						"HanaScaleOut": "N",
						"DualStackSplit": "N",
						"LineId": "001-001",
						"Stack": "2",
						"AppReleasePatch": "",
						"Kernel": "",
						"OSVersion": "sles12_sp3",
						"DBVersion": "",
						"PrmiaryHostName": "",
						"MasterNodes": "1",
						"AdditionalNodes": "0",
						"StandbyNodes": "0",
						"LTBMonthlyType": "0",
						"LTBQuarterlyType": "0",
						"LTBYearlyType": "0",
						"HanaEncryption": "N",
						"ExcludeDR": "N",
						"HanaEncryptionVal": "0",
						"HDBAddSchema": "0",
						"AgeStart": "1",
						"AgeEnd": "36",
						"InstanceNum": "",
						"ExpDBGrowth1": "0",
						"ExpDBGrowth2": "0",
						"ExpDBGrowth3": "0",
						"AddStorage4Cust": "0",
						"OsType": "linux",
						"GUID": "F085485B034C6615E1000000C6121CF5",
						"StorageGUID": "F185485B034C6615E1000000C6121CF5",
						"BackupGUID": "F285485B034C6615E1000000C6121CF5",
						"DR_GUID": "F385485B034C6615E1000000C6121CF5",
						"DR_StorageGUID": "F485485B034C6615E1000000C6121CF5",
						"DR_BackupGUID": "F585485B034C6615E1000000C6121CF5",
						"hint_tip": "Backup : GB Backup - daily full, 4 weeks retention,\nApp release Patch : ,\nOs Version : sles12_sp3,\nDB Version : ",
						"UpdateFlag": false,
						"AddLanguages": [],
						"PrimaryLang": "",
						"SecondaryLang": "",
						"AppRelPatchComment": "",
						"DBVersionComment": "",
						"KernelComment": "",
						"SuccessorType": "",
						"LTBType": ""
					}, {
						"Code": "005711-001-002-001-002",
						"ServerType": "HPC.000195",
						"ServerTypeDescr": "Virtual 64 GB, Linux",
						"AppOrDB": "1",
						"StorageSize": "100",
						"StorageType": "HPI.000147",
						"ServerRAM": "64",
						"Backup": "HPI.000146",
						"ComponentTarif": "",
						"Usage": "",
						"LTBMonthly": "N",
						"LTBMonthStartD": "",
						"LTBQuarterly": "N",
						"ServerSLA": "3",
						"MigrationType": "0",
						"MigrationMethod": "0",
						"UnicodeSingleConv": "N",
						"UnicodeMultConv": "N",
						"LTBQuarterlyStartD": "",
						"LTBYearly": "N",
						"LTByearlyStartD": "",
						"HanaScaleOut": "N",
						"DualStackSplit": "N",
						"LineId": "001-002",
						"Stack": "2",
						"AppReleasePatch": "",
						"Kernel": "",
						"OSVersion": "sles12_sp3",
						"DBVersion": "",
						"PrmiaryHostName": "",
						"MasterNodes": "1",
						"AdditionalNodes": "0",
						"StandbyNodes": "0",
						"LTBMonthlyType": "0",
						"LTBQuarterlyType": "0",
						"LTBYearlyType": "0",
						"HanaEncryption": "N",
						"ExcludeDR": "N",
						"HanaEncryptionVal": "0",
						"HDBAddSchema": "0",
						"AgeStart": "1",
						"AgeEnd": "36",
						"InstanceNum": "",
						"ExpDBGrowth1": "0",
						"ExpDBGrowth2": "0",
						"ExpDBGrowth3": "0",
						"AddStorage4Cust": "0",
						"OsType": "linux",
						"GUID": "F885485B034C6615E1000000C6121CF5",
						"StorageGUID": "F985485B034C6615E1000000C6121CF5",
						"BackupGUID": "FA85485B034C6615E1000000C6121CF5",
						"DR_GUID": "FB85485B034C6615E1000000C6121CF5",
						"DR_StorageGUID": "FC85485B034C6615E1000000C6121CF5",
						"DR_BackupGUID": "FD85485B034C6615E1000000C6121CF5",
						"hint_tip": "Backup : GB Backup - daily full, 4 weeks retention,\nApp release Patch : ,\nOs Version : sles12_sp3,\nDB Version : ",
						"UpdateFlag": false,
						"AddLanguages": [],
						"PrimaryLang": "",
						"SecondaryLang": "",
						"AppRelPatchComment": "",
						"DBVersionComment": "",
						"KernelComment": "",
						"SuccessorType": "",
						"LTBType": ""
					}, {
						"Code": "005711-001-002-001-003",
						"ServerType": "HPC.000228",
						"ServerTypeDescr": "Virtual-130GB-AWS, Windows",
						"AppOrDB": "1",
						"StorageSize": "0",
						"StorageType": "HPI.000147",
						"ServerRAM": "0",
						"Backup": "HPI.000146",
						"ComponentTarif": "",
						"Usage": "",
						"LTBMonthly": "N",
						"LTBMonthStartD": "",
						"LTBQuarterly": "N",
						"ServerSLA": "3",
						"MigrationType": "0",
						"MigrationMethod": "0",
						"UnicodeSingleConv": "N",
						"UnicodeMultConv": "N",
						"LTBQuarterlyStartD": "",
						"LTBYearly": "N",
						"LTByearlyStartD": "",
						"HanaScaleOut": "N",
						"DualStackSplit": "N",
						"LineId": "001-003",
						"Stack": "2",
						"AppReleasePatch": "",
						"Kernel": "",
						"OSVersion": "windows2k16",
						"DBVersion": "",
						"PrmiaryHostName": "",
						"MasterNodes": "1",
						"AdditionalNodes": "0",
						"StandbyNodes": "0",
						"LTBMonthlyType": "0",
						"LTBQuarterlyType": "0",
						"LTBYearlyType": "0",
						"HanaEncryption": "N",
						"ExcludeDR": "N",
						"HanaEncryptionVal": "0",
						"HDBAddSchema": "0",
						"AgeStart": "1",
						"AgeEnd": "36",
						"InstanceNum": "",
						"ExpDBGrowth1": "0",
						"ExpDBGrowth2": "0",
						"ExpDBGrowth3": "0",
						"AddStorage4Cust": "0",
						"OsType": "windows",
						"GUID": "0086485B034C6615E1000000C6121CF5",
						"StorageGUID": "0186485B034C6615E1000000C6121CF5",
						"BackupGUID": "0286485B034C6615E1000000C6121CF5",
						"DR_GUID": "0386485B034C6615E1000000C6121CF5",
						"DR_StorageGUID": "0486485B034C6615E1000000C6121CF5",
						"DR_BackupGUID": "0586485B034C6615E1000000C6121CF5",
						"hint_tip": "Backup : GB Backup - daily full, 4 weeks retention,\nApp release Patch : ,\nOs Version : windows2k16,\nDB Version : ",
						"UpdateFlag": false,
						"AddLanguages": [],
						"PrimaryLang": "",
						"SecondaryLang": "",
						"AppRelPatchComment": "",
						"DBVersionComment": "",
						"KernelComment": "",
						"SuccessorType": "",
						"LTBType": ""
					}, {
						"Code": "005711-001-002-001-004",
						"ServerType": "HPC.000201",
						"ServerTypeDescr": "Virtual 32 GB, Windows",
						"AppOrDB": "1",
						"StorageSize": "52",
						"StorageType": "HPI.000147",
						"ServerRAM": "32",
						"Backup": "HPI.000146",
						"ComponentTarif": "",
						"Usage": "",
						"LTBMonthly": "N",
						"LTBMonthStartD": "",
						"LTBQuarterly": "N",
						"ServerSLA": "3",
						"MigrationType": "0",
						"MigrationMethod": "0",
						"UnicodeSingleConv": "N",
						"UnicodeMultConv": "N",
						"LTBQuarterlyStartD": "",
						"LTBYearly": "N",
						"LTByearlyStartD": "",
						"HanaScaleOut": "N",
						"DualStackSplit": "N",
						"LineId": "001-004",
						"Stack": "2",
						"AppReleasePatch": "",
						"Kernel": "",
						"OSVersion": "windows2k16",
						"DBVersion": "",
						"PrmiaryHostName": "",
						"MasterNodes": "1",
						"AdditionalNodes": "0",
						"StandbyNodes": "0",
						"LTBMonthlyType": "0",
						"LTBQuarterlyType": "0",
						"LTBYearlyType": "0",
						"HanaEncryption": "N",
						"ExcludeDR": "N",
						"HanaEncryptionVal": "0",
						"HDBAddSchema": "0",
						"AgeStart": "1",
						"AgeEnd": "36",
						"InstanceNum": "",
						"ExpDBGrowth1": "0",
						"ExpDBGrowth2": "0",
						"ExpDBGrowth3": "0",
						"AddStorage4Cust": "0",
						"OsType": "windows",
						"GUID": "0886485B034C6615E1000000C6121CF5",
						"StorageGUID": "0986485B034C6615E1000000C6121CF5",
						"BackupGUID": "0A86485B034C6615E1000000C6121CF5",
						"DR_GUID": "0B86485B034C6615E1000000C6121CF5",
						"DR_StorageGUID": "0C86485B034C6615E1000000C6121CF5",
						"DR_BackupGUID": "0D86485B034C6615E1000000C6121CF5",
						"hint_tip": "Backup : GB Backup - daily full, 4 weeks retention,\nApp release Patch : ,\nOs Version : windows2k16,\nDB Version : ",
						"UpdateFlag": false,
						"AddLanguages": [],
						"PrimaryLang": "",
						"SecondaryLang": "",
						"AppRelPatchComment": "",
						"DBVersionComment": "",
						"KernelComment": "",
						"SuccessorType": "",
						"LTBType": ""
					}, {
						"Code": "005711-001-002-001-005",
						"ServerType": "HPC.000205",
						"ServerTypeDescr": "Virtual 64 GB, Windows",
						"AppOrDB": "1",
						"StorageSize": "100",
						"StorageType": "HPI.000147",
						"ServerRAM": "64",
						"Backup": "HPI.000146",
						"ComponentTarif": "",
						"Usage": "",
						"LTBMonthly": "N",
						"LTBMonthStartD": "",
						"LTBQuarterly": "N",
						"ServerSLA": "3",
						"MigrationType": "0",
						"MigrationMethod": "0",
						"UnicodeSingleConv": "N",
						"UnicodeMultConv": "N",
						"LTBQuarterlyStartD": "",
						"LTBYearly": "N",
						"LTByearlyStartD": "",
						"HanaScaleOut": "N",
						"DualStackSplit": "N",
						"LineId": "001-005",
						"Stack": "2",
						"AppReleasePatch": "",
						"Kernel": "",
						"OSVersion": "windows2k16",
						"DBVersion": "",
						"PrmiaryHostName": "",
						"MasterNodes": "1",
						"AdditionalNodes": "0",
						"StandbyNodes": "0",
						"LTBMonthlyType": "0",
						"LTBQuarterlyType": "0",
						"LTBYearlyType": "0",
						"HanaEncryption": "N",
						"ExcludeDR": "N",
						"HanaEncryptionVal": "0",
						"HDBAddSchema": "0",
						"AgeStart": "1",
						"AgeEnd": "36",
						"InstanceNum": "",
						"ExpDBGrowth1": "0",
						"ExpDBGrowth2": "0",
						"ExpDBGrowth3": "0",
						"AddStorage4Cust": "0",
						"OsType": "windows",
						"GUID": "1086485B034C6615E1000000C6121CF5",
						"StorageGUID": "1186485B034C6615E1000000C6121CF5",
						"BackupGUID": "1286485B034C6615E1000000C6121CF5",
						"DR_GUID": "1386485B034C6615E1000000C6121CF5",
						"DR_StorageGUID": "1486485B034C6615E1000000C6121CF5",
						"DR_BackupGUID": "1586485B034C6615E1000000C6121CF5",
						"hint_tip": "Backup : GB Backup - daily full, 4 weeks retention,\nApp release Patch : ,\nOs Version : windows2k16,\nDB Version : ",
						"UpdateFlag": false,
						"AddLanguages": [],
						"PrimaryLang": "",
						"SecondaryLang": "",
						"AppRelPatchComment": "",
						"DBVersionComment": "",
						"KernelComment": "",
						"SuccessorType": "",
						"LTBType": ""
					}, {
						"Code": "005711-001-002-001-006",
						"ServerType": "HPC.000226",
						"ServerTypeDescr": "HANA-Virtual-65GB-AWS, Linux (r4.2xlarge/r3.2xlarge)",
						"AppOrDB": "2",
						"StorageSize": "183",
						"StorageType": "HPI.000147",
						"ServerRAM": "61",
						"Backup": "HPI.000146",
						"ComponentTarif": "",
						"Usage": "",
						"LTBMonthly": "N",
						"LTBMonthStartD": "",
						"LTBQuarterly": "N",
						"ServerSLA": "3",
						"MigrationType": "0",
						"MigrationMethod": "0",
						"UnicodeSingleConv": "N",
						"UnicodeMultConv": "N",
						"LTBQuarterlyStartD": "",
						"LTBYearly": "N",
						"LTByearlyStartD": "",
						"HanaScaleOut": "N",
						"DualStackSplit": "N",
						"LineId": "001-006",
						"Stack": "1",
						"AppReleasePatch": "",
						"Kernel": "",
						"OSVersion": "sles12_sp3",
						"DBVersion": "HDB_122_11",
						"PrmiaryHostName": "",
						"MasterNodes": "1",
						"AdditionalNodes": "0",
						"StandbyNodes": "1",
						"LTBMonthlyType": "0",
						"LTBQuarterlyType": "0",
						"LTBYearlyType": "0",
						"HanaEncryption": "N",
						"ExcludeDR": "N",
						"HanaEncryptionVal": "0",
						"HDBAddSchema": "0",
						"AgeStart": "1",
						"AgeEnd": "36",
						"InstanceNum": "",
						"ExpDBGrowth1": "0",
						"ExpDBGrowth2": "0",
						"ExpDBGrowth3": "0",
						"AddStorage4Cust": "0",
						"OsType": "linux",
						"GUID": "1886485B034C6615E1000000C6121CF5",
						"StorageGUID": "1986485B034C6615E1000000C6121CF5",
						"BackupGUID": "1A86485B034C6615E1000000C6121CF5",
						"DR_GUID": "1B86485B034C6615E1000000C6121CF5",
						"DR_StorageGUID": "1C86485B034C6615E1000000C6121CF5",
						"DR_BackupGUID": "1D86485B034C6615E1000000C6121CF5",
						"hint_tip": "Backup : GB Backup - daily full, 4 weeks retention,\nApp release Patch : ,\nOs Version : sles12_sp3,\nDB Version : HDB_122_11",
						"UpdateFlag": false,
						"AddLanguages": [],
						"PrimaryLang": "",
						"SecondaryLang": "",
						"AppRelPatchComment": "",
						"DBVersionComment": "",
						"KernelComment": "",
						"SuccessorType": "",
						"LTBType": ""
					}, {
						"Code": "005711-001-002-001-007",
						"ServerType": "HPC.000199",
						"ServerTypeDescr": "HANA-Virtual-128GB, Linux",
						"AppOrDB": "2",
						"StorageSize": "384",
						"StorageType": "HPI.000147",
						"ServerRAM": "128",
						"Backup": "HPI.000146",
						"ComponentTarif": "",
						"Usage": "",
						"LTBMonthly": "N",
						"LTBMonthStartD": "",
						"LTBQuarterly": "N",
						"ServerSLA": "3",
						"MigrationType": "0",
						"MigrationMethod": "0",
						"UnicodeSingleConv": "N",
						"UnicodeMultConv": "N",
						"LTBQuarterlyStartD": "",
						"LTBYearly": "N",
						"LTByearlyStartD": "",
						"HanaScaleOut": "N",
						"DualStackSplit": "N",
						"LineId": "001-007",
						"Stack": "1",
						"AppReleasePatch": "",
						"Kernel": "",
						"OSVersion": "sles12_sp3",
						"DBVersion": "HDB_122_11",
						"PrmiaryHostName": "",
						"MasterNodes": "1",
						"AdditionalNodes": "0",
						"StandbyNodes": "1",
						"LTBMonthlyType": "0",
						"LTBQuarterlyType": "0",
						"LTBYearlyType": "0",
						"HanaEncryption": "N",
						"ExcludeDR": "N",
						"HanaEncryptionVal": "0",
						"HDBAddSchema": "0",
						"AgeStart": "1",
						"AgeEnd": "36",
						"InstanceNum": "",
						"ExpDBGrowth1": "0",
						"ExpDBGrowth2": "0",
						"ExpDBGrowth3": "0",
						"AddStorage4Cust": "0",
						"OsType": "linux",
						"GUID": "2686485B034C6615E1000000C6121CF5",
						"StorageGUID": "2786485B034C6615E1000000C6121CF5",
						"BackupGUID": "2886485B034C6615E1000000C6121CF5",
						"DR_GUID": "2986485B034C6615E1000000C6121CF5",
						"DR_StorageGUID": "2A86485B034C6615E1000000C6121CF5",
						"DR_BackupGUID": "2B86485B034C6615E1000000C6121CF5",
						"hint_tip": "Backup : GB Backup - daily full, 4 weeks retention,\nApp release Patch : ,\nOs Version : sles12_sp3,\nDB Version : HDB_122_11",
						"UpdateFlag": false,
						"AddLanguages": [],
						"PrimaryLang": "",
						"SecondaryLang": "",
						"AppRelPatchComment": "",
						"DBVersionComment": "",
						"KernelComment": "",
						"SuccessorType": "",
						"LTBType": ""
					}, {
						"Code": "005711-001-002-001-008",
						"ServerType": "HPC.000209",
						"ServerTypeDescr": "HANA-Virtual-256GB, Linux",
						"AppOrDB": "2",
						"StorageSize": "768",
						"StorageType": "HPI.000147",
						"ServerRAM": "256",
						"Backup": "HPI.000146",
						"ComponentTarif": "",
						"Usage": "",
						"LTBMonthly": "N",
						"LTBMonthStartD": "",
						"LTBQuarterly": "N",
						"ServerSLA": "3",
						"MigrationType": "0",
						"MigrationMethod": "0",
						"UnicodeSingleConv": "N",
						"UnicodeMultConv": "N",
						"LTBQuarterlyStartD": "",
						"LTBYearly": "N",
						"LTByearlyStartD": "",
						"HanaScaleOut": "N",
						"DualStackSplit": "N",
						"LineId": "001-008",
						"Stack": "1",
						"AppReleasePatch": "",
						"Kernel": "",
						"OSVersion": "sles12_sp3",
						"DBVersion": "HDB_122_11",
						"PrmiaryHostName": "",
						"MasterNodes": "1",
						"AdditionalNodes": "0",
						"StandbyNodes": "1",
						"LTBMonthlyType": "0",
						"LTBQuarterlyType": "0",
						"LTBYearlyType": "0",
						"HanaEncryption": "N",
						"ExcludeDR": "N",
						"HanaEncryptionVal": "0",
						"HDBAddSchema": "0",
						"AgeStart": "1",
						"AgeEnd": "36",
						"InstanceNum": "",
						"ExpDBGrowth1": "0",
						"ExpDBGrowth2": "0",
						"ExpDBGrowth3": "0",
						"AddStorage4Cust": "0",
						"OsType": "linux",
						"GUID": "3486485B034C6615E1000000C6121CF5",
						"StorageGUID": "3586485B034C6615E1000000C6121CF5",
						"BackupGUID": "3686485B034C6615E1000000C6121CF5",
						"DR_GUID": "3786485B034C6615E1000000C6121CF5",
						"DR_StorageGUID": "3886485B034C6615E1000000C6121CF5",
						"DR_BackupGUID": "3986485B034C6615E1000000C6121CF5",
						"hint_tip": "Backup : GB Backup - daily full, 4 weeks retention,\nApp release Patch : ,\nOs Version : sles12_sp3,\nDB Version : HDB_122_11",
						"UpdateFlag": false,
						"AddLanguages": [],
						"PrimaryLang": "",
						"SecondaryLang": "",
						"AppRelPatchComment": "",
						"DBVersionComment": "",
						"KernelComment": "",
						"SuccessorType": "",
						"LTBType": ""
					}]
				}],
				"landscapeImageHtml": "<tr><td rowspan=\"8\" align=\"center\"><img src=\"proxy/qaKernel/QAPT_UploadHOCustomDoc.xsjs?UserCode=C5235192&IMAGE_MODE=Y&DOCID=LANDSCAPE_IMAGE_SOLUTION\"><br/>HANA datamart</td><td rowspan=\"8\" align=\"center\"><img src=\"proxy/qaKernel/QAPT_UploadHOCustomDoc.xsjs?UserCode=C5235192&IMAGE_MODE=Y&DOCID=LANDSCAPE_IMAGE_SOLUTION\"><br/>PROD()</td><td align=\"center\"><img src=\"proxy/qaKernel/QAPT_UploadHOCustomDoc.xsjs?UserCode=C5235192&IMAGE_MODE=Y&DOCID=LANDSCAPE_IMAGE_HDB_SERVER\"><br/>Virtual 32 GB, Linux</td></tr><tr><td align=\"center\"><img src=\"proxy/qaKernel/QAPT_UploadHOCustomDoc.xsjs?UserCode=C5235192&IMAGE_MODE=Y&DOCID=LANDSCAPE_IMAGE_HDB_SERVER\"><br/>Virtual 64 GB, Linux</td></tr><tr><td align=\"center\"><img src=\"proxy/qaKernel/QAPT_UploadHOCustomDoc.xsjs?UserCode=C5235192&IMAGE_MODE=Y&DOCID=LANDSCAPE_IMAGE_HDB_SERVER\"><br/>Virtual-130GB-AWS, Windows</td></tr><tr><td align=\"center\"><img src=\"proxy/qaKernel/QAPT_UploadHOCustomDoc.xsjs?UserCode=C5235192&IMAGE_MODE=Y&DOCID=LANDSCAPE_IMAGE_HDB_SERVER\"><br/>Virtual 32 GB, Windows</td></tr><tr><td align=\"center\"><img src=\"proxy/qaKernel/QAPT_UploadHOCustomDoc.xsjs?UserCode=C5235192&IMAGE_MODE=Y&DOCID=LANDSCAPE_IMAGE_HDB_SERVER\"><br/>Virtual 64 GB, Windows</td></tr><tr><td align=\"center\"><img src=\"proxy/qaKernel/QAPT_UploadHOCustomDoc.xsjs?UserCode=C5235192&IMAGE_MODE=Y&DOCID=LANDSCAPE_IMAGE_HDB_SERVER\"><br/>HANA-Virtual-65GB-AWS, Linux (r4.2xlarge/r3.2xlarge)</td></tr><tr><td align=\"center\"><img src=\"proxy/qaKernel/QAPT_UploadHOCustomDoc.xsjs?UserCode=C5235192&IMAGE_MODE=Y&DOCID=LANDSCAPE_IMAGE_HDB_SERVER\"><br/>HANA-Virtual-128GB, Linux</td></tr><tr><td align=\"center\"><img src=\"proxy/qaKernel/QAPT_UploadHOCustomDoc.xsjs?UserCode=C5235192&IMAGE_MODE=Y&DOCID=LANDSCAPE_IMAGE_HDB_SERVER\"><br/>HANA-Virtual-256GB, Linux</td></tr>",
				"EditProperty": false,
				"UpdateFlag": false,
				"Lname": "HANA datamart",
				"CRBasisSolution": false,
				"MaintPlanID": "",
				"MaintPlanName": "",
				"AddLanguages": [],
				"PrimaryLang": "",
				"SecondaryLang": "",
				"flagInstallationNo": true,
				"LBSolution": "Y",
				"LD_GxP": "N",
				"LD_MachineType": "",
				"LD_MigrationScenario": "5",
				"LD_Phase": "1",
				"BW_Configuration": "N",
				"EditMigrationScenario": false
			}],
			"DealcaseType": "Not all fields are filled",
			"AddServices": [],
			"ThirdPartyCosts": [],
			"WAN": [],
			"PartnerComp": [],
			"CDDProcess": [],
			"CDDQuotes": [],
			"LSDocs": [],
			"Delta": [],
			"DeltaFields": [],
			"LB": [],
			"LBProxy": [],
			"LBEditable": true,
			"Migration": []
		},
		"Interfaces": [],
		"Network": {
			"Code": "005711-001",
			"ProviderName": "",
			"DemarcationPoint": "",
			"ExpDeliveryDate": "",
			"CustomerIPMaster": "",
			"CustomerIPSlave": "",
			"EcosystemProvider": "",
			"WANProvider": "",
			"PublicCloud": "",
			"EditProperty": false,
			"NetworkInfo": []
		},
		"Users": []
	}
}