{"GetTShirtList":
	{"PROD":
		[
			{"Code":"XXXX","Descr":"No Template","Type":"","Model_JSON":"","Update_JSON":"","Prod_or_NonProd":""},
			{"Code":"sap_bw_xs","Descr":"sap_bw_xs","Type":"T_USER","Model_JSON":"[{\"Code\":\"\",\"ImplementationType\":\"Greenfield\",\"ImplementationTypeDescr\":\"Greenfield\",\"Usage\":\"\",\"SolutionProduct\":\"HSO.000020\",\"SolutionProductDesc\":\"SAP ERP\",\"DBType\":\"HDB\",\"DBTypeDescr\":\"HANA\",\"LineId\":\"999sap_bw_xs-0\",\"VersionId\":\"1\",\"Sequence\":-1,\"GUID\":\"\",\"LD_NumOfTiers\":\"0\",\"LD_TierDetails\":\"\",\"LD_Uncompressed_DB\":\"0\",\"LD_ConcurrentUsers\":\"0\",\"LD_BandwidthReq\":\"U\",\"LD_DR\":\"N\",\"LD_ProdLandscape\":\"N\",\"IsMDCHANA\":\"N\",\"hint_tip\":\"Tiers : PROD (2 Servers)\",\"Addons\":[],\"LD_TshirtSuggested\":\"dummy t-shirt XXL \",\"LD_IndicativePricingPPTLink\":\"https://mdocs.sap.com/mcm/browser/v1/open?rep=share&obj=pvHoa7NUiJ2yANnF5UH1MJyo5IGrXcAOMSSwLr2KM_A\",\"LD_IndicativePricingPPTLabel\":\"View indicative Price PPT\",\"LD_IndicativePricingPPTVisible\":true,\"LD_SolCaseType\":\"Not all fields are filled\",\"SolInstNum\":\"\",\"LicenseKey\":\"\",\"SolutionSLA\":\"0\",\"DBVersion\":\"\",\"DBVersionComment\":\"\",\"AppReleasePatch\":\"\",\"AppRelPatchComment\":\"\",\"Kernel\":\"\",\"KernelComment\":\"\",\"Tiers\":[{\"Code\":\"\",\"TierType\":\"PROD\",\"PhaseNumber\":\"1\",\"SID\":\"PRD\",\"AmsSupport\":\"N\",\"AmsSupportPackage\":\"0\",\"AmsSupportPackageDesc\":\"\",\"AMSSupportPeriod\":\"0\",\"LineId\":\"999sap_bw_xs0-0\",\"IncludeDR\":\"N\",\"ResponsibleCTC\":\"\",\"ResponsibleCTCName\":\"\",\"Comment\":\"\",\"TierSLA\":\"3\",\"CDD\":\"Jan 26, 2018\",\"GXPRequired\":\"N\",\"CustomerClientNo\":\"100\",\"HECInstNo\":\"0025689758\",\"SecondaryDC\":\"\",\"TypeOfSizing\":\"1\",\"SizingRemarks\":\"\",\"FinancialRelevance\":\"N\",\"CustomerDiscussion\":\"N\",\"LoadBalancerReq\":\"N\",\"GUID\":\"\",\"DR_GUID\":\"\",\"LBRegion\":\"1\",\"LBInboundTraffic\":\"0\",\"LBOutboundtraffic\":\"0\",\"SE_ApprTicketNo\":\"\",\"PrimaryDC\":\"05\",\"NumDsRepository\":\"\",\"NONProdSupport\":\"N\",\"DBVersion\":\"HDB_01_102_05\",\"DBVersionComment\":\"comment for db version\",\"UseMDCHANA\":\"N\",\"MDCHANASystem\":\"\",\"DBSID\":\"\",\"UnchangedDBSID\":\"\",\"HIPAA\":\"N\",\"CustClientComment\":\"002\",\"UpdateFlag\":false,\"MDCEnabled\":true,\"DBSIDEnabled\":false,\"DB_HA\":\"N\",\"DB_HA_OperMode\":null,\"DB_Encryption\":\"N\",\"AppReleasePatch\":\"app rel patch\",\"AppRelPatchComment\":\"comment for app rel patch\",\"Kernel\":\"kernel\",\"KernelComment\":\"comment for kernel\",\"ImplementationType\":\"Greenfield\",\"flagInstallationNo\":true,\"hint_tip\":\"Addons : 0,\\nGxP : N,\\nFinanacial Relevant : N,\\nDiscussed with Customer : N,\\nResponsible CTC :  (),\\nNum of Servers : 2,\\nServer List : Virtual 64 GB, Linux (APP),\\n\\t\\tHANA-Virtual-65GB-AWS, Linux (DB)\",\"Addons\":[],\"Servers\":[{\"Code\":\"\",\"ServerType\":\"HPC.000226\",\"ServerTypeDescr\":\"HANA-Virtual-65GB-AWS, Linux\",\"AppOrDB\":\"2\",\"StorageSize\":\"183\",\"StorageType\":\"HPI.000147\",\"ServerRAM\":\"61\",\"Backup\":\"HPI.000146\",\"ComponentTarif\":\"\",\"Usage\":\"\",\"LTBMonthly\":\"N\",\"LTBMonthStartD\":\"\",\"LTBQuarterly\":\"N\",\"ServerSLA\":\"3\",\"MigrationType\":\"0\",\"MigrationMethod\":\"0\",\"UnicodeSingleConv\":\"N\",\"UnicodeMultConv\":\"N\",\"LTBQuarterlyStartD\":\"\",\"LTBYearly\":\"N\",\"LTByearlyStartD\":\"\",\"HanaScaleOut\":\"N\",\"DualStackSplit\":\"N\",\"LineId\":\"999sap_bw_xs0-0-0\",\"Stack\":\"1\",\"AppReleasePatch\":\"\",\"Kernel\":\"\",\"OSVersion\":\"sles12_sp1\",\"DBVersion\":\"HDB_01_102_05\",\"PrmiaryHostName\":\"\",\"MasterNodes\":\"1\",\"AdditionalNodes\":\"0\",\"StandbyNodes\":\"1\",\"LTBMonthlyType\":\"0\",\"LTBQuarterlyType\":\"0\",\"LTBYearlyType\":\"0\",\"HanaEncryption\":\"N\",\"ExcludeDR\":\"N\",\"HanaEncryptionVal\":\"0\",\"HDBAddSchema\":\"0\",\"AgeStart\":\"1\",\"AgeEnd\":\"48\",\"InstanceNum\":\"\",\"ExpDBGrowth1\":\"0\",\"ExpDBGrowth2\":\"0\",\"ExpDBGrowth3\":\"0\",\"AddStorage4Cust\":\"0\",\"OsType\":\"linux\",\"GUID\":\"\",\"StorageGUID\":\"\",\"BackupGUID\":\"\",\"DR_GUID\":\"\",\"DR_StorageGUID\":\"\",\"DR_BackupGUID\":\"\",\"hint_tip\":\"Backup : GB Backup - daily full, 4 weeks retention,\\nApp release Patch : ,\\nOs Version : sles12_sp1,\\nDB Version : HDB_01_102_05\",\"UpdateFlag\":false,\"AddLanguages\":[],\"PrimaryLang\":\"\",\"SecondaryLang\":\"\",\"AppRelPatchComment\":\"\",\"DBVersionComment\":\"comment for db version\",\"KernelComment\":\"\",\"SuccessorType\":\"\",\"Name\":\"\",\"vCpuGUID\":\"\",\"DR_vCpuGUID\":\"\"},{\"Code\":\"\",\"ServerType\":\"HPC.000195\",\"ServerTypeDescr\":\"Virtual 64 GB, Linux\",\"AppOrDB\":\"1\",\"StorageSize\":\"100\",\"StorageType\":\"HPI.000147\",\"ServerRAM\":\"64\",\"Backup\":\"HPI.000146\",\"ComponentTarif\":\"\",\"Usage\":\"\",\"LTBMonthly\":\"N\",\"LTBMonthStartD\":\"\",\"LTBQuarterly\":\"N\",\"ServerSLA\":\"3\",\"MigrationType\":\"0\",\"MigrationMethod\":\"0\",\"UnicodeSingleConv\":\"N\",\"UnicodeMultConv\":\"N\",\"LTBQuarterlyStartD\":\"\",\"LTBYearly\":\"N\",\"LTByearlyStartD\":\"\",\"HanaScaleOut\":\"N\",\"DualStackSplit\":\"N\",\"LineId\":\"999sap_bw_xs0-0-1\",\"Stack\":\"2\",\"AppReleasePatch\":\"app rel patch\",\"Kernel\":\"kernel\",\"OSVersion\":\"sles12_sp1\",\"DBVersion\":\"\",\"PrmiaryHostName\":\"\",\"MasterNodes\":\"1\",\"AdditionalNodes\":\"0\",\"StandbyNodes\":\"0\",\"LTBMonthlyType\":\"0\",\"LTBQuarterlyType\":\"0\",\"LTBYearlyType\":\"0\",\"HanaEncryption\":\"N\",\"ExcludeDR\":\"N\",\"HanaEncryptionVal\":\"0\",\"HDBAddSchema\":\"0\",\"AgeStart\":\"1\",\"AgeEnd\":\"48\",\"InstanceNum\":\"\",\"ExpDBGrowth1\":\"0\",\"ExpDBGrowth2\":\"0\",\"ExpDBGrowth3\":\"0\",\"AddStorage4Cust\":\"0\",\"OsType\":\"linux\",\"GUID\":\"\",\"StorageGUID\":\"\",\"BackupGUID\":\"\",\"DR_GUID\":\"\",\"DR_StorageGUID\":\"\",\"DR_BackupGUID\":\"\",\"hint_tip\":\"Backup : GB Backup - daily full, 4 weeks retention,\\nApp release Patch : app rel patch,\\nOs Version : sles12_sp1,\\nDB Version : \",\"UpdateFlag\":false,\"AddLanguages\":[],\"PrimaryLang\":\"\",\"SecondaryLang\":\"\",\"AppRelPatchComment\":\"comment for app rel patch\",\"DBVersionComment\":\"\",\"KernelComment\":\"comment for kernel\",\"SuccessorType\":\"\",\"Name\":\"\",\"vCpuGUID\":\"\",\"DR_vCpuGUID\":\"\"}],\"Name\":\"\"}],\"landscapeImageHtml\":\"<tr><td rowspan=\\\"2\\\" align=\\\"center\\\"><img src=\\\"proxy/qaKernel/QAPT_UploadHOCustomDoc.xsjs?UserCode=C5208346&IMAGE_MODE=Y&DOCID=LANDSCAPE_IMAGE_SOLUTION\\\"><br/>SAP ERP</td><td rowspan=\\\"2\\\" align=\\\"center\\\"><img src=\\\"proxy/qaKernel/QAPT_UploadHOCustomDoc.xsjs?UserCode=C5208346&IMAGE_MODE=Y&DOCID=LANDSCAPE_IMAGE_SOLUTION\\\"><br/>PROD(PRD)</td><td align=\\\"center\\\"><img src=\\\"proxy/qaKernel/QAPT_UploadHOCustomDoc.xsjs?UserCode=C5208346&IMAGE_MODE=Y&DOCID=LANDSCAPE_IMAGE_HDB_SERVER\\\"><br/>HANA-Virtual-65GB-AWS, Linux</td></tr><tr><td align=\\\"center\\\"><img src=\\\"proxy/qaKernel/QAPT_UploadHOCustomDoc.xsjs?UserCode=C5208346&IMAGE_MODE=Y&DOCID=LANDSCAPE_IMAGE_HDB_SERVER\\\"><br/>Virtual 64 GB, Linux</td></tr>\",\"EditProperty\":false,\"UpdateFlag\":false,\"CRBasisSolution\":false,\"MaintPlanID\":\"\",\"MaintPlanName\":\"\",\"AddLanguages\":[],\"PrimaryLang\":\"\",\"SecondaryLang\":\"\",\"flagInstallationNo\":true,\"LBSolution\":\"Y\",\"Name\":\"\"},{\"LineId\":\"999sap_bw_xs-1\",\"Code\":\"\",\"ImplementationType\":\"Greenfield\",\"ImplementationTypeDescr\":\"Greenfield\",\"Usage\":\"\",\"SolutionProduct\":\"HSO.000012\",\"SolutionProductDesc\":\"SAP BW\",\"DBType\":\"HDB\",\"DBTypeDescr\":\"HANA\",\"Tiers\":[{\"LineId\":\"999sap_bw_xs1-0\",\"Code\":\"\",\"TierType\":\"PREPROD\",\"SID\":\"\",\"PhaseNumber\":\"1\",\"EUDataPrtection\":\"N\",\"AmsSupport\":\"N\",\"NONProdSupport\":\"N\",\"AmsSupportPackage\":\"\",\"AmsSupportPackageDesc\":\"\",\"AMSSupportPeriod\":\"\",\"ResponsibleCTC\":\"\",\"IncludeDR\":\"N\",\"Addons\":[],\"Comment\":\"\",\"GXPRequired\":\"N\",\"CustomerClientNo\":\"\",\"HECInstNo\":\"\",\"SecondaryDC\":\"\",\"TypeOfSizing\":\"1\",\"SizingRemarks\":\"\",\"FinancialRelevance\":\"N\",\"CustomerDiscussion\":\"N\",\"LoadBalancerReq\":\"N\",\"LBInboundTraffic\":\"0\",\"LBOutboundtraffic\":\"0\",\"LBRegion\":\"1\",\"CDD\":\"\",\"GUID\":\"\",\"DR_GUID\":\"\",\"PrimaryDC\":\"05\",\"SE_ApprTicketNo\":\"\",\"NumDsRepository\":\"\",\"DB_HA\":\"N\",\"DB_Encryption\":\"N\",\"DB_HA_OperMode\":\"\",\"TierSLA\":\"1\",\"Servers\":[{\"Code\":\"\",\"ServerType\":\"HPC.000210\",\"ServerTypeDescr\":\"HANA-Virtual-64GB, Linux\",\"AdditionalCPUs\":\"1\",\"AdditionalCPUDesc\":\"No Additional vCPU\",\"AppOrDB\":\"2\",\"StorageSize\":192,\"StorageType\":\"HPI.000147\",\"ServerRAM\":\"64\",\"Backup\":\"HPI.000145\",\"ComponentTarif\":\"\",\"Usage\":\"\",\"LTBMonthly\":\"N\",\"LTBMonthStartD\":\"\",\"LTBQuarterly\":\"N\",\"ServerSLA\":\"1\",\"MigrationType\":\"\",\"MigrationMethod\":\"\",\"UnicodeSingleConv\":\"N\",\"UnicodeMultConv\":\"N\",\"LTBQuarterlyStartD\":\"\",\"LTBYearly\":\"N\",\"LTByearlyStartD\":\"\",\"HanaScaleOut\":\"N\",\"DualStackSplit\":\"N\",\"LineId\":\"999sap_bw_xs1-0-0\",\"Stack\":\"1\",\"AppReleasePatch\":\"\",\"AppRelPatchComment\":\"\",\"AddLanguages\":[],\"Kernel\":\"\",\"KernelComment\":\"\",\"OSVersion\":\"sles12_sp1\",\"DBVersion\":\"\",\"DBVersionComment\":\"\",\"PrmiaryHostName\":\"\",\"MasterNodes\":\"1\",\"AdditionalNodes\":\"0\",\"StandbyNodes\":\"0\",\"LTBMonthlyType\":\"\",\"LTBQuarterlyType\":\"\",\"LTBYearlyType\":\"\",\"HDBAddSchema\":\"0\",\"HanaEncryption\":\"N\",\"HanaEncryptionVal\":\"\",\"ExcludeDR\":\"N\",\"AgeStart\":\"1\",\"AgeEnd\":\"48\",\"InstanceNum\":\"\",\"ExpDBGrowth1\":\"\",\"ExpDBGrowth2\":\"\",\"ExpDBGrowth3\":\"\",\"AddStorage4Cust\":\"\",\"GUID\":\"\",\"vCpuGUID\":\"\",\"StorageGUID\":\"\",\"BackupGUID\":\"\",\"DR_GUID\":\"\",\"DR_vCpuGUID\":\"\",\"DR_StorageGUID\":\"\",\"DR_BackupGUID\":\"\",\"PrimaryLang\":\"\",\"SecondaryLang\":\"\",\"UpdateFlag\":true,\"Name\":\"\"}],\"UpdateFlag\":true,\"UseMDCHANA\":\"N\",\"MDCHANASystem\":\"\",\"DBSID\":\"\",\"ImplementationType\":\"Greenfield\",\"MDCEnabled\":true,\"DBSIDEnabled\":false,\"AppReleasePatch\":\"\",\"AppRelPatchComment\":\"\",\"Kernel\":\"\",\"KernelComment\":\"\",\"DBVersion\":\"\",\"DBVersionComment\":\"\",\"Name\":\"\"}],\"Sequence\":2,\"GUID\":\"\",\"LD_NumOfTiers\":\"\",\"LD_TierDetails\":\"\",\"LD_Uncompressed_DB\":\"\",\"LD_ConcurrentUsers\":\"0\",\"LD_BandwidthReq\":\"U\",\"LD_DR\":\"N\",\"LD_ProdLandscape\":\"N\",\"LD_TshirtSuggested\":\"\",\"LD_SolCaseType\":\"Not all fields are filled\",\"LD_IndicativePricingPPTVisible\":false,\"LD_IndicativePricingPPTLink\":\"\",\"EditProperty\":true,\"SolInstNum\":\"\",\"MaintPlanID\":\"\",\"MaintPlanName\":\"\",\"IsMDCHANA\":\"N\",\"CRBasisSolution\":false,\"UpdateFlag\":true,\"Addons\":[],\"AddLanguages\":[],\"AppReleasePatch\":\"\",\"AppRelPatchComment\":\"\",\"Kernel\":\"\",\"KernelComment\":\"\",\"DBVersion\":\"\",\"DBVersionComment\":\"\",\"SolutionSLA\":\"\",\"PrimaryLang\":\"\",\"SecondaryLang\":\"\",\"Name\":\"\"}]","Update_JSON":"[{\"Code\":\"\",\"U_ImplementationType\":\"Greenfield\",\"U_Usage\":\"\",\"U_SolutionProduct\":\"HSO.000020\",\"U_DBType\":\"HDB\",\"U_OpprId\":\"5469\",\"U_Sequence\":1,\"LineId\":\"999sap_bw_xs-0\",\"U_GUID\":\"\",\"U_SolInstNum\":\"\",\"U_MaintPlanId\":\"\",\"U_MaintPlanName\":\"\",\"U_IsMDCHANA\":\"N\",\"U_LD_NumOfTiers\":\"0\",\"U_LD_TierDetails\":\"\",\"U_LD_Uncompressed_DB\":\"0\",\"U_LD_ConcurrentUsers\":\"0\",\"U_LD_BandwidthReq\":\"U\",\"U_LD_DR\":\"N\",\"U_LD_ProdLandscape\":\"N\",\"DelFlag\":\"N\",\"UpdateFlag\":false,\"Addons\":[],\"AddLanguages\":[],\"U_PrimaryLang\":\"\",\"U_SecondaryLang\":\"\",\"U_AppReleasePatch\":\"\",\"U_AppRelPatchComment\":\"\",\"U_Kernel\":\"\",\"U_KernelComment\":\"\",\"U_DBVersion\":\"\",\"U_DBVersionComment\":\"\",\"U_SolutionSLA\":\"0\",\"Tiers\":[{\"Code\":\"\",\"U_TierType\":\"PROD\",\"U_PhaseNumber\":\"1\",\"U_SID\":\"PRD\",\"U_IncludeDR\":\"N\",\"U_AMSSupport\":\"N\",\"U_NONProdSupport\":\"N\",\"U_AmsSupportPackage\":\"0\",\"U_AMSSupportPeriod\":\"0\",\"U_ResponsibleCTC\":\"\",\"U_Comment\":\"\",\"U_TierSLA\":\"3\",\"LineId\":\"999sap_bw_xs0-0\",\"U_GXPRequired\":\"N\",\"U_HIPAA\":\"N\",\"U_CustomerClientNo\":\"100\",\"U_CustClientComment\":\"002\",\"U_HECInstNo\":\"0025689758\",\"U_SecondaryDC\":\"\",\"U_TypeOfSizing\":\"1\",\"U_SizingRemarks\":\"\",\"U_AppReleasePatch\":\"app rel patch\",\"U_AppRelPatchComment\":\"comment for app rel patch\",\"U_Kernel\":\"kernel\",\"U_KernelComment\":\"comment for kernel\",\"U_DBVersion\":\"HDB_01_102_05\",\"U_DBVersionComment\":\"comment for db version\",\"U_FinancialRelevance\":\"N\",\"U_CustomerDiscussion\":\"N\",\"U_SolutionId\":\"005469-001-001\",\"U_GUID\":\"\",\"U_DR_GUID\":\"\",\"U_PrimaryDC\":\"05\",\"U_SE_ApprTicketNo\":\"\",\"U_NumDsRepository\":\"\",\"U_DB_HA\":\"N\",\"U_DB_Encryption\":\"N\",\"U_DB_HA_OperMode\":null,\"U_UseMDCHANA\":\"N\",\"U_MDCHANASystem\":\"\",\"U_DBSID\":\"\",\"DelFlag\":\"N\",\"UpdateFlag\":false,\"U_ImplementationType\":\"Greenfield\",\"Addons\":[],\"Servers\":[{\"Code\":\"\",\"U_ServerType\":\"HPC.000226\",\"U_AppOrDB\":\"2\",\"U_StorageSize\":\"183\",\"U_StorageType\":\"HPI.000147\",\"U_ServerRAM\":\"61\",\"U_Backup\":\"HPI.000146\",\"U_ComponentTarif\":\"\",\"U_Usage\":\"\",\"U_LTBMonthly\":\"N\",\"U_LTBMonthStartD\":\"\",\"U_LTBQuarterly\":\"N\",\"U_LTBQuarterlyStartD\":\"\",\"U_LTBYearly\":\"N\",\"U_LTByearlyStartD\":\"\",\"U_ServerSLA\":\"3\",\"U_MigrationType\":\"0\",\"U_MigrationMethod\":\"0\",\"U_UnicodeSingleConv\":\"N\",\"U_UnicodeMultConv\":\"N\",\"U_HanaScaleOut\":\"N\",\"U_DualStackSplit\":\"N\",\"U_Stack\":\"1\",\"U_AppReleasePatch\":\"\",\"U_AppRelPatchComment\":\"\",\"U_Kernel\":\"\",\"U_KernelComment\":\"\",\"U_OSVersion\":\"sles12_sp1\",\"U_DBVersion\":\"HDB_01_102_05\",\"U_DBVersionComment\":\"comment for db version\",\"U_PrimaryHostname\":\"\",\"U_MasterNodes\":\"1\",\"U_AdditionalNodes\":\"0\",\"U_StandbyNodes\":\"1\",\"U_LTBMonthlyType\":\"0\",\"U_LTBQuarterlyType\":\"0\",\"U_LTBYearlyType\":\"0\",\"U_HDBAddSchema\":\"0\",\"U_HanaEncryption\":\"N\",\"U_HanaEncryptionVal\":\"0\",\"U_ExcludeDR\":\"N\",\"U_AgeStart\":\"0\",\"U_AgeEnd\":\"48\",\"U_SuccessorType\":\"\",\"U_InstanceNum\":\"\",\"U_ExpDBGrowth1\":\"0\",\"U_ExpDBGrowth2\":\"0\",\"U_ExpDBGrowth3\":\"0\",\"U_AddStorage4Cust\":\"0\",\"LineId\":\"999sap_bw_xs0-0-0\",\"U_TierId\":\"005469-001-001-001-001\",\"U_GUID\":\"\",\"U_StorageGUID\":\"\",\"U_BackupGUID\":\"\",\"U_DR_GUID\":\"\",\"U_DR_StorageGUID\":\"\",\"U_DR_BackupGUID\":\"\",\"DelFlag\":\"N\",\"UpdateFlag\":false,\"U_PrimaryLang\":\"\",\"U_SecondaryLang\":\"\",\"U_AddLanguages\":[],\"Name\":\"\",\"U_vCpuGUID\":\"\",\"U_DR_vCpuGUID\":\"\"},{\"Code\":\"\",\"U_ServerType\":\"HPC.000195\",\"U_AppOrDB\":\"1\",\"U_StorageSize\":\"100\",\"U_StorageType\":\"HPI.000147\",\"U_ServerRAM\":\"64\",\"U_Backup\":\"HPI.000146\",\"U_ComponentTarif\":\"\",\"U_Usage\":\"\",\"U_LTBMonthly\":\"N\",\"U_LTBMonthStartD\":\"\",\"U_LTBQuarterly\":\"N\",\"U_LTBQuarterlyStartD\":\"\",\"U_LTBYearly\":\"N\",\"U_LTByearlyStartD\":\"\",\"U_ServerSLA\":\"3\",\"U_MigrationType\":\"0\",\"U_MigrationMethod\":\"0\",\"U_UnicodeSingleConv\":\"N\",\"U_UnicodeMultConv\":\"N\",\"U_HanaScaleOut\":\"N\",\"U_DualStackSplit\":\"N\",\"U_Stack\":\"2\",\"U_AppReleasePatch\":\"app rel patch\",\"U_AppRelPatchComment\":\"comment for app rel patch\",\"U_Kernel\":\"kernel\",\"U_KernelComment\":\"comment for kernel\",\"U_OSVersion\":\"sles12_sp1\",\"U_DBVersion\":\"\",\"U_DBVersionComment\":\"\",\"U_PrimaryHostname\":\"\",\"U_MasterNodes\":\"1\",\"U_AdditionalNodes\":\"0\",\"U_StandbyNodes\":\"0\",\"U_LTBMonthlyType\":\"0\",\"U_LTBQuarterlyType\":\"0\",\"U_LTBYearlyType\":\"0\",\"U_HDBAddSchema\":\"0\",\"U_HanaEncryption\":\"N\",\"U_HanaEncryptionVal\":\"0\",\"U_ExcludeDR\":\"N\",\"U_AgeStart\":\"0\",\"U_AgeEnd\":\"48\",\"U_SuccessorType\":\"\",\"U_InstanceNum\":\"\",\"U_ExpDBGrowth1\":\"0\",\"U_ExpDBGrowth2\":\"0\",\"U_ExpDBGrowth3\":\"0\",\"U_AddStorage4Cust\":\"0\",\"LineId\":\"999sap_bw_xs0-0-1\",\"U_TierId\":\"005469-001-001-001-002\",\"U_GUID\":\"\",\"U_StorageGUID\":\"\",\"U_BackupGUID\":\"\",\"U_DR_GUID\":\"\",\"U_DR_StorageGUID\":\"\",\"U_DR_BackupGUID\":\"\",\"DelFlag\":\"N\",\"UpdateFlag\":false,\"U_PrimaryLang\":\"\",\"U_SecondaryLang\":\"\",\"U_AddLanguages\":[],\"Name\":\"\",\"U_vCpuGUID\":\"\",\"U_DR_vCpuGUID\":\"\"}],\"Name\":\"\"}],\"Name\":\"\"},{\"LineId\":\"999sap_bw_xs-1\",\"Code\":\"\",\"U_ImplementationType\":\"Greenfield\",\"U_Usage\":\"\",\"U_DBType\":\"HDB\",\"U_SolutionProduct\":\"HSO.000012\",\"DelFlag\":\"N\",\"Tiers\":[{\"LineId\":\"999sap_bw_xs1-0\",\"Code\":\"\",\"U_PhaseNumber\":\"1\",\"U_TierType\":\"PREPROD\",\"U_SID\":\"\",\"U_EUDataPrtection\":\"N\",\"U_AMSSupport\":\"N\",\"U_NONProdSupport\":\"N\",\"U_AmsSupportPackage\":\"\",\"U_AMSSupportPeriod\":\"\",\"U_ResponsibleCTC\":\"\",\"U_IncludeDR\":\"N\",\"U_Comment\":\"\",\"U_GXPRequired\":\"N\",\"U_CustomerClientNo\":\"\",\"U_HECInstNo\":\"\",\"U_SecondaryDC\":\"\",\"U_TypeOfSizing\":\"1\",\"U_SizingRemarks\":\"\",\"U_FinancialRelevance\":\"N\",\"U_CustomerDiscussion\":\"N\",\"U_LoadBalancerReq\":\"N\",\"U_LBInboundTraffic\":\"0\",\"U_LBOutboundTraffic\":\"0\",\"U_LBRegion\":\"1\",\"U_PrimaryDC\":\"05\",\"U_SE_ApprTicketNo\":\"\",\"U_NumDsRepository\":\"\",\"U_DB_HA\":\"N\",\"U_DB_Encryption\":\"N\",\"U_DB_HA_OperMode\":\"\",\"U_TierSLA\":\"1\",\"DelFlag\":\"N\",\"Addons\":[],\"U_SolutionId\":\"\",\"U_GUID\":\"\",\"U_DR_GUID\":\"\",\"Servers\":[{\"LineId\":\"999sap_bw_xs1-0-0\",\"Code\":\"\",\"U_ServerType\":\"HPC.000210\",\"U_AdditionalCPUs\":\"1\",\"U_AppOrDB\":\"2\",\"U_StorageSize\":192,\"U_StorageType\":\"HPI.000147\",\"U_ServerRAM\":\"64\",\"U_Backup\":\"HPI.000145\",\"U_ComponentTarif\":\"\",\"U_Usage\":\"\",\"U_LTBMonthly\":\"N\",\"U_LTBMonthStartD\":\"\",\"U_LTBQuarterly\":\"N\",\"U_ServerSLA\":\"1\",\"U_MigrationType\":\"\",\"U_MigrationMethod\":\"\",\"U_UnicodeSingleConv\":\"N\",\"U_UnicodeMultConv\":\"N\",\"U_LTBQuarterlyStartD\":\"\",\"U_LTBYearly\":\"N\",\"U_LTByearlyStartD\":\"\",\"U_HanaScaleOut\":\"N\",\"U_DualStackSplit\":\"N\",\"U_Stack\":\"1\",\"U_AppReleasePatch\":\"\",\"U_AppRelPatchComment\":\"\",\"U_AddLanguages\":[],\"U_Kernel\":\"\",\"U_KernelComment\":\"\",\"U_OSVersion\":\"sles12_sp1\",\"U_DBVersion\":\"HDB_122_11\",\"U_PrimaryHostname\":\"\",\"U_MasterNodes\":\"1\",\"U_AdditionalNodes\":\"0\",\"U_StandbyNodes\":\"0\",\"U_LTBMonthlyType\":\"\",\"U_LTBQuarterlyType\":\"\",\"U_LTBYearlyType\":\"\",\"U_HDBAddSchema\":\"0\",\"U_HanaEncryption\":\"N\",\"U_HanaEncryptionVal\":\"\",\"U_ExcludeDR\":\"N\",\"DelFlag\":\"N\",\"U_AgeStart\":\"1\",\"U_AgeEnd\":\"48\",\"U_InstanceNum\":\"\",\"U_ExpDBGrowth1\":\"\",\"U_ExpDBGrowth2\":\"\",\"U_ExpDBGrowth3\":\"\",\"U_AddStorage4Cust\":\"\",\"U_GUID\":\"\",\"U_vCpuGUID\":\"\",\"U_StorageGUID\":\"\",\"U_BackupGUID\":\"\",\"U_DR_GUID\":\"\",\"U_DR_vCpuGUID\":\"\",\"U_DR_StorageGUID\":\"\",\"U_DR_BackupGUID\":\"\",\"U_PrimaryLang\":\"\",\"U_SecondaryLang\":\"\",\"UpdateFlag\":true,\"Name\":\"\"}],\"UpdateFlag\":true,\"U_UseMDCHANA\":\"N\",\"U_MDCHANASystem\":\"\",\"U_DBSID\":\"\",\"U_ImplementationType\":\"Greenfield\",\"U_AppReleasePatch\":\"\",\"U_AppRelPatchComment\":\"\",\"U_Kernel\":\"\",\"U_KernelComment\":\"\",\"U_DBVersion\":\"\",\"U_DBVersionComment\":\"\",\"Name\":\"\"}],\"U_OpprId\":\"5469\",\"U_VersionId\":\"\",\"U_Sequence\":2,\"U_GUID\":\"\",\"U_LD_NumOfTiers\":\"\",\"U_LD_TierDetails\":\"\",\"U_LD_Uncompressed_DB\":\"\",\"U_LD_ConcurrentUsers\":\"0\",\"U_LD_BandwidthReq\":\"U\",\"U_LD_DR\":\"N\",\"U_LD_ProdLandscape\":\"N\",\"U_SolInstNum\":\"\",\"Addons\":[],\"U_MaintPlanId\":\"\",\"U_MaintPlanName\":\"\",\"U_IsMDCHANA\":\"N\",\"U_CRBasisSolution\":\"N\",\"UpdateFlag\":true,\"AddLanguages\":[],\"U_PrimaryLang\":\"\",\"U_SecondaryLang\":\"\",\"U_AppReleasePatch\":\"\",\"U_AppRelPatchComment\":\"\",\"U_Kernel\":\"\",\"U_KernelComment\":\"\",\"U_DBVersion\":\"\",\"U_DBVersionComment\":\"\",\"U_SolutionSLA\":\"\",\"Name\":\"\"}]","Prod_or_NonProd":"PROD"},{"Code":"sap_erp_xs","Descr":"sap_erp_xs","Type":"T_USER","Model_JSON":"[{\"Code\":\"\",\"ImplementationType\":\"Greenfield\",\"ImplementationTypeDescr\":\"Greenfield\",\"Usage\":\"\",\"SolutionProduct\":\"HSO.000020\",\"SolutionProductDesc\":\"SAP ERP\",\"DBType\":\"HDB\",\"DBTypeDescr\":\"HANA\",\"LineId\":\"999sap_erp_xs-0\",\"VersionId\":\"1\",\"Sequence\":\"0\",\"GUID\":\"\",\"LD_NumOfTiers\":\"0\",\"LD_TierDetails\":\"\",\"LD_Uncompressed_DB\":\"0\",\"LD_ConcurrentUsers\":\"0\",\"LD_BandwidthReq\":\"U\",\"LD_DR\":\"N\",\"LD_ProdLandscape\":\"N\",\"IsMDCHANA\":\"N\",\"hint_tip\":\"Tiers : PROD (2 Servers)\",\"Addons\":[],\"LD_TshirtSuggested\":\"dummy t-shirt XXL \",\"LD_IndicativePricingPPTLink\":\"https://mdocs.sap.com/mcm/browser/v1/open?rep=share&obj=pvHoa7NUiJ2yANnF5UH1MJyo5IGrXcAOMSSwLr2KM_A\",\"LD_IndicativePricingPPTLabel\":\"View indicative Price PPT\",\"LD_IndicativePricingPPTVisible\":true,\"LD_SolCaseType\":\"Not all fields are filled\",\"SolInstNum\":\"\",\"LicenseKey\":\"\",\"SolutionSLA\":\"0\",\"DBVersion\":\"\",\"DBVersionComment\":\"\",\"AppReleasePatch\":\"\",\"AppRelPatchComment\":\"\",\"Kernel\":\"\",\"KernelComment\":\"\",\"Tiers\":[{\"Code\":\"\",\"TierType\":\"PROD\",\"PhaseNumber\":\"1\",\"SID\":\"PRD\",\"AmsSupport\":\"N\",\"AmsSupportPackage\":\"0\",\"AmsSupportPackageDesc\":\"\",\"AMSSupportPeriod\":\"0\",\"LineId\":\"999sap_erp_xs0-0\",\"IncludeDR\":\"N\",\"ResponsibleCTC\":\"\",\"ResponsibleCTCName\":\"\",\"Comment\":\"\",\"TierSLA\":\"3\",\"CDD\":\"Jan 26, 2018\",\"GXPRequired\":\"N\",\"CustomerClientNo\":\"100\",\"HECInstNo\":\"0025689758\",\"SecondaryDC\":\"\",\"TypeOfSizing\":\"1\",\"SizingRemarks\":\"\",\"FinancialRelevance\":\"N\",\"CustomerDiscussion\":\"N\",\"LoadBalancerReq\":\"N\",\"GUID\":\"\",\"DR_GUID\":\"\",\"LBRegion\":\"1\",\"LBInboundTraffic\":\"0\",\"LBOutboundtraffic\":\"0\",\"SE_ApprTicketNo\":\"\",\"PrimaryDC\":\"05\",\"NumDsRepository\":\"\",\"NONProdSupport\":\"N\",\"DBVersion\":\"HDB_01_102_05\",\"DBVersionComment\":\"comment for db version\",\"UseMDCHANA\":\"N\",\"MDCHANASystem\":\"\",\"DBSID\":\"\",\"UnchangedDBSID\":\"\",\"HIPAA\":\"N\",\"CustClientComment\":\"002\",\"UpdateFlag\":false,\"MDCEnabled\":false,\"DBSIDEnabled\":false,\"DB_HA\":\"N\",\"DB_HA_OperMode\":null,\"DB_Encryption\":\"N\",\"AppReleasePatch\":\"app rel patch\",\"AppRelPatchComment\":\"comment for app rel patch\",\"Kernel\":\"kernel\",\"KernelComment\":\"comment for kernel\",\"ImplementationType\":\"Greenfield\",\"flagInstallationNo\":true,\"hint_tip\":\"Addons : 0,\\nGxP : N,\\nFinanacial Relevant : N,\\nDiscussed with Customer : N,\\nResponsible CTC :  (),\\nNum of Servers : 2,\\nServer List : Virtual 64 GB, Linux (APP),\\n\\t\\tHANA-Virtual-65GB-AWS, Linux (DB)\",\"Addons\":[],\"Servers\":[{\"Code\":\"\",\"ServerType\":\"HPC.000226\",\"ServerTypeDescr\":\"HANA-Virtual-65GB-AWS, Linux\",\"AppOrDB\":\"2\",\"StorageSize\":\"183\",\"StorageType\":\"HPI.000147\",\"ServerRAM\":\"61\",\"Backup\":\"HPI.000146\",\"ComponentTarif\":\"\",\"Usage\":\"\",\"LTBMonthly\":\"N\",\"LTBMonthStartD\":\"\",\"LTBQuarterly\":\"N\",\"ServerSLA\":\"3\",\"MigrationType\":\"0\",\"MigrationMethod\":\"0\",\"UnicodeSingleConv\":\"N\",\"UnicodeMultConv\":\"N\",\"LTBQuarterlyStartD\":\"\",\"LTBYearly\":\"N\",\"LTByearlyStartD\":\"\",\"HanaScaleOut\":\"N\",\"DualStackSplit\":\"N\",\"LineId\":\"999sap_erp_xs0-0-0\",\"Stack\":\"1\",\"AppReleasePatch\":\"\",\"Kernel\":\"\",\"OSVersion\":\"sles12_sp1\",\"DBVersion\":\"HDB_01_102_05\",\"PrmiaryHostName\":\"\",\"MasterNodes\":\"1\",\"AdditionalNodes\":\"0\",\"StandbyNodes\":\"1\",\"LTBMonthlyType\":\"0\",\"LTBQuarterlyType\":\"0\",\"LTBYearlyType\":\"0\",\"HanaEncryption\":\"N\",\"ExcludeDR\":\"N\",\"HanaEncryptionVal\":\"0\",\"HDBAddSchema\":\"0\",\"AgeStart\":\"1\",\"AgeEnd\":\"48\",\"InstanceNum\":\"\",\"ExpDBGrowth1\":\"0\",\"ExpDBGrowth2\":\"0\",\"ExpDBGrowth3\":\"0\",\"AddStorage4Cust\":\"0\",\"OsType\":\"linux\",\"GUID\":\"\",\"StorageGUID\":\"\",\"BackupGUID\":\"\",\"DR_GUID\":\"\",\"DR_StorageGUID\":\"\",\"DR_BackupGUID\":\"\",\"hint_tip\":\"Backup : GB Backup - daily full, 4 weeks retention,\\nApp release Patch : ,\\nOs Version : sles12_sp1,\\nDB Version : HDB_01_102_05\",\"UpdateFlag\":false,\"AddLanguages\":[],\"PrimaryLang\":\"\",\"SecondaryLang\":\"\",\"AppRelPatchComment\":\"\",\"DBVersionComment\":\"comment for db version\",\"KernelComment\":\"\",\"SuccessorType\":\"\",\"Name\":\"\",\"vCpuGUID\":\"\",\"DR_vCpuGUID\":\"\"},{\"Code\":\"\",\"ServerType\":\"HPC.000195\",\"ServerTypeDescr\":\"Virtual 64 GB, Linux\",\"AppOrDB\":\"1\",\"StorageSize\":\"100\",\"StorageType\":\"HPI.000147\",\"ServerRAM\":\"64\",\"Backup\":\"HPI.000146\",\"ComponentTarif\":\"\",\"Usage\":\"\",\"LTBMonthly\":\"N\",\"LTBMonthStartD\":\"\",\"LTBQuarterly\":\"N\",\"ServerSLA\":\"3\",\"MigrationType\":\"0\",\"MigrationMethod\":\"0\",\"UnicodeSingleConv\":\"N\",\"UnicodeMultConv\":\"N\",\"LTBQuarterlyStartD\":\"\",\"LTBYearly\":\"N\",\"LTByearlyStartD\":\"\",\"HanaScaleOut\":\"N\",\"DualStackSplit\":\"N\",\"LineId\":\"999sap_erp_xs0-0-1\",\"Stack\":\"2\",\"AppReleasePatch\":\"app rel patch\",\"Kernel\":\"kernel\",\"OSVersion\":\"sles12_sp1\",\"DBVersion\":\"\",\"PrmiaryHostName\":\"\",\"MasterNodes\":\"1\",\"AdditionalNodes\":\"0\",\"StandbyNodes\":\"0\",\"LTBMonthlyType\":\"0\",\"LTBQuarterlyType\":\"0\",\"LTBYearlyType\":\"0\",\"HanaEncryption\":\"N\",\"ExcludeDR\":\"N\",\"HanaEncryptionVal\":\"0\",\"HDBAddSchema\":\"0\",\"AgeStart\":\"1\",\"AgeEnd\":\"48\",\"InstanceNum\":\"\",\"ExpDBGrowth1\":\"0\",\"ExpDBGrowth2\":\"0\",\"ExpDBGrowth3\":\"0\",\"AddStorage4Cust\":\"0\",\"OsType\":\"linux\",\"GUID\":\"\",\"StorageGUID\":\"\",\"BackupGUID\":\"\",\"DR_GUID\":\"\",\"DR_StorageGUID\":\"\",\"DR_BackupGUID\":\"\",\"hint_tip\":\"Backup : GB Backup - daily full, 4 weeks retention,\\nApp release Patch : app rel patch,\\nOs Version : sles12_sp1,\\nDB Version : \",\"UpdateFlag\":false,\"AddLanguages\":[],\"PrimaryLang\":\"\",\"SecondaryLang\":\"\",\"AppRelPatchComment\":\"comment for app rel patch\",\"DBVersionComment\":\"\",\"KernelComment\":\"comment for kernel\",\"SuccessorType\":\"\",\"Name\":\"\",\"vCpuGUID\":\"\",\"DR_vCpuGUID\":\"\"}],\"Name\":\"\"}],\"landscapeImageHtml\":\"<tr><td rowspan=\\\"2\\\" align=\\\"center\\\"><img src=\\\"proxy/qaKernel/QAPT_UploadHOCustomDoc.xsjs?UserCode=C5208346&IMAGE_MODE=Y&DOCID=LANDSCAPE_IMAGE_SOLUTION\\\"><br/>SAP ERP</td><td rowspan=\\\"2\\\" align=\\\"center\\\"><img src=\\\"proxy/qaKernel/QAPT_UploadHOCustomDoc.xsjs?UserCode=C5208346&IMAGE_MODE=Y&DOCID=LANDSCAPE_IMAGE_SOLUTION\\\"><br/>PROD(PRD)</td><td align=\\\"center\\\"><img src=\\\"proxy/qaKernel/QAPT_UploadHOCustomDoc.xsjs?UserCode=C5208346&IMAGE_MODE=Y&DOCID=LANDSCAPE_IMAGE_HDB_SERVER\\\"><br/>HANA-Virtual-65GB-AWS, Linux</td></tr><tr><td align=\\\"center\\\"><img src=\\\"proxy/qaKernel/QAPT_UploadHOCustomDoc.xsjs?UserCode=C5208346&IMAGE_MODE=Y&DOCID=LANDSCAPE_IMAGE_HDB_SERVER\\\"><br/>Virtual 64 GB, Linux</td></tr>\",\"EditProperty\":false,\"UpdateFlag\":false,\"CRBasisSolution\":false,\"MaintPlanID\":\"\",\"MaintPlanName\":\"\",\"AddLanguages\":[],\"PrimaryLang\":\"\",\"SecondaryLang\":\"\",\"flagInstallationNo\":true,\"LBSolution\":\"Y\",\"Name\":\"\"}]","Update_JSON":"[{\"Code\":\"\",\"U_ImplementationType\":\"Greenfield\",\"U_Usage\":\"\",\"U_SolutionProduct\":\"HSO.000020\",\"U_DBType\":\"HDB\",\"U_OpprId\":\"5469\",\"U_Sequence\":\"0\",\"LineId\":\"999sap_erp_xs-0\",\"U_GUID\":\"\",\"U_SolInstNum\":\"\",\"U_MaintPlanId\":\"\",\"U_MaintPlanName\":\"\",\"U_IsMDCHANA\":\"N\",\"U_LD_NumOfTiers\":\"0\",\"U_LD_TierDetails\":\"\",\"U_LD_Uncompressed_DB\":\"0\",\"U_LD_ConcurrentUsers\":\"0\",\"U_LD_BandwidthReq\":\"U\",\"U_LD_DR\":\"N\",\"U_LD_ProdLandscape\":\"N\",\"DelFlag\":\"N\",\"UpdateFlag\":false,\"Addons\":[],\"AddLanguages\":[],\"U_PrimaryLang\":\"\",\"U_SecondaryLang\":\"\",\"U_AppReleasePatch\":\"\",\"U_AppRelPatchComment\":\"\",\"U_Kernel\":\"\",\"U_KernelComment\":\"\",\"U_DBVersion\":\"\",\"U_DBVersionComment\":\"\",\"U_SolutionSLA\":\"0\",\"Tiers\":[{\"Code\":\"\",\"U_TierType\":\"PROD\",\"U_PhaseNumber\":\"1\",\"U_SID\":\"PRD\",\"U_IncludeDR\":\"N\",\"U_AMSSupport\":\"N\",\"U_NONProdSupport\":\"N\",\"U_AmsSupportPackage\":\"0\",\"U_AMSSupportPeriod\":\"0\",\"U_ResponsibleCTC\":\"\",\"U_Comment\":\"\",\"U_TierSLA\":\"3\",\"LineId\":\"999sap_erp_xs0-0\",\"U_GXPRequired\":\"N\",\"U_HIPAA\":\"N\",\"U_CustomerClientNo\":\"100\",\"U_CustClientComment\":\"002\",\"U_HECInstNo\":\"0025689758\",\"U_SecondaryDC\":\"\",\"U_TypeOfSizing\":\"1\",\"U_SizingRemarks\":\"\",\"U_AppReleasePatch\":\"app rel patch\",\"U_AppRelPatchComment\":\"comment for app rel patch\",\"U_Kernel\":\"kernel\",\"U_KernelComment\":\"comment for kernel\",\"U_DBVersion\":\"HDB_01_102_05\",\"U_DBVersionComment\":\"comment for db version\",\"U_FinancialRelevance\":\"N\",\"U_CustomerDiscussion\":\"N\",\"U_SolutionId\":\"005469-001-001\",\"U_GUID\":\"\",\"U_DR_GUID\":\"\",\"U_PrimaryDC\":\"05\",\"U_SE_ApprTicketNo\":\"\",\"U_NumDsRepository\":\"\",\"U_DB_HA\":\"N\",\"U_DB_Encryption\":\"N\",\"U_DB_HA_OperMode\":null,\"U_UseMDCHANA\":\"N\",\"U_MDCHANASystem\":\"\",\"U_DBSID\":\"\",\"DelFlag\":\"N\",\"UpdateFlag\":false,\"U_ImplementationType\":\"Greenfield\",\"Addons\":[],\"Servers\":[{\"Code\":\"\",\"U_ServerType\":\"HPC.000226\",\"U_AppOrDB\":\"2\",\"U_StorageSize\":\"183\",\"U_StorageType\":\"HPI.000147\",\"U_ServerRAM\":\"61\",\"U_Backup\":\"HPI.000146\",\"U_ComponentTarif\":\"\",\"U_Usage\":\"\",\"U_LTBMonthly\":\"N\",\"U_LTBMonthStartD\":\"\",\"U_LTBQuarterly\":\"N\",\"U_LTBQuarterlyStartD\":\"\",\"U_LTBYearly\":\"N\",\"U_LTByearlyStartD\":\"\",\"U_ServerSLA\":\"3\",\"U_MigrationType\":\"0\",\"U_MigrationMethod\":\"0\",\"U_UnicodeSingleConv\":\"N\",\"U_UnicodeMultConv\":\"N\",\"U_HanaScaleOut\":\"N\",\"U_DualStackSplit\":\"N\",\"U_Stack\":\"1\",\"U_AppReleasePatch\":\"\",\"U_AppRelPatchComment\":\"\",\"U_Kernel\":\"\",\"U_KernelComment\":\"\",\"U_OSVersion\":\"sles12_sp1\",\"U_DBVersion\":\"HDB_01_102_05\",\"U_DBVersionComment\":\"comment for db version\",\"U_PrimaryHostname\":\"\",\"U_MasterNodes\":\"1\",\"U_AdditionalNodes\":\"0\",\"U_StandbyNodes\":\"1\",\"U_LTBMonthlyType\":\"0\",\"U_LTBQuarterlyType\":\"0\",\"U_LTBYearlyType\":\"0\",\"U_HDBAddSchema\":\"0\",\"U_HanaEncryption\":\"N\",\"U_HanaEncryptionVal\":\"0\",\"U_ExcludeDR\":\"N\",\"U_AgeStart\":\"1\",\"U_AgeEnd\":\"48\",\"U_SuccessorType\":\"\",\"U_InstanceNum\":\"\",\"U_ExpDBGrowth1\":\"0\",\"U_ExpDBGrowth2\":\"0\",\"U_ExpDBGrowth3\":\"0\",\"U_AddStorage4Cust\":\"0\",\"LineId\":\"999sap_erp_xs0-0-0\",\"U_TierId\":\"005469-001-001-001-001\",\"U_GUID\":\"\",\"U_StorageGUID\":\"\",\"U_BackupGUID\":\"\",\"U_DR_GUID\":\"\",\"U_DR_StorageGUID\":\"\",\"U_DR_BackupGUID\":\"\",\"DelFlag\":\"N\",\"UpdateFlag\":false,\"U_PrimaryLang\":\"\",\"U_SecondaryLang\":\"\",\"U_AddLanguages\":[],\"Name\":\"\",\"U_vCpuGUID\":\"\",\"U_DR_vCpuGUID\":\"\"},{\"Code\":\"\",\"U_ServerType\":\"HPC.000195\",\"U_AppOrDB\":\"1\",\"U_StorageSize\":\"100\",\"U_StorageType\":\"HPI.000147\",\"U_ServerRAM\":\"64\",\"U_Backup\":\"HPI.000146\",\"U_ComponentTarif\":\"\",\"U_Usage\":\"\",\"U_LTBMonthly\":\"N\",\"U_LTBMonthStartD\":\"\",\"U_LTBQuarterly\":\"N\",\"U_LTBQuarterlyStartD\":\"\",\"U_LTBYearly\":\"N\",\"U_LTByearlyStartD\":\"\",\"U_ServerSLA\":\"3\",\"U_MigrationType\":\"0\",\"U_MigrationMethod\":\"0\",\"U_UnicodeSingleConv\":\"N\",\"U_UnicodeMultConv\":\"N\",\"U_HanaScaleOut\":\"N\",\"U_DualStackSplit\":\"N\",\"U_Stack\":\"2\",\"U_AppReleasePatch\":\"app rel patch\",\"U_AppRelPatchComment\":\"comment for app rel patch\",\"U_Kernel\":\"kernel\",\"U_KernelComment\":\"comment for kernel\",\"U_OSVersion\":\"sles12_sp1\",\"U_DBVersion\":\"\",\"U_DBVersionComment\":\"\",\"U_PrimaryHostname\":\"\",\"U_MasterNodes\":\"1\",\"U_AdditionalNodes\":\"0\",\"U_StandbyNodes\":\"0\",\"U_LTBMonthlyType\":\"0\",\"U_LTBQuarterlyType\":\"0\",\"U_LTBYearlyType\":\"0\",\"U_HDBAddSchema\":\"0\",\"U_HanaEncryption\":\"N\",\"U_HanaEncryptionVal\":\"0\",\"U_ExcludeDR\":\"N\",\"U_AgeStart\":\"1\",\"U_AgeEnd\":\"48\",\"U_SuccessorType\":\"\",\"U_InstanceNum\":\"\",\"U_ExpDBGrowth1\":\"0\",\"U_ExpDBGrowth2\":\"0\",\"U_ExpDBGrowth3\":\"0\",\"U_AddStorage4Cust\":\"0\",\"LineId\":\"999sap_erp_xs0-0-1\",\"U_TierId\":\"005469-001-001-001-002\",\"U_GUID\":\"\",\"U_StorageGUID\":\"\",\"U_BackupGUID\":\"\",\"U_DR_GUID\":\"\",\"U_DR_StorageGUID\":\"\",\"U_DR_BackupGUID\":\"\",\"DelFlag\":\"N\",\"UpdateFlag\":false,\"U_PrimaryLang\":\"\",\"U_SecondaryLang\":\"\",\"U_AddLanguages\":[],\"Name\":\"\",\"U_vCpuGUID\":\"\",\"U_DR_vCpuGUID\":\"\"}],\"Name\":\"\"}],\"Name\":\"\"}]","Prod_or_NonProd":"PROD"},{"Code":"SAVETEMP","Descr":"Save as New Template","Type":"T_USER","Model_JSON":"","Update_JSON":"","Prod_or_NonProd":"PROD"}],"NONPROD":[{"Code":"XXXX","Descr":"No Template","Type":"","Model_JSON":"","Update_JSON":"","Prod_or_NonProd":""},{"Code":"SAVETEMP","Descr":"Save as New Template","Type":"T_USER","Model_JSON":"","Update_JSON":"","Prod_or_NonProd":"NONPROD"}
		]
	}
}